Date,Open,High,Low,Close,Volume 
6/11/12 9:31:00 AM -07:00,65.5,65.81,65.28,65.81,3100
6/11/12 9:32:00 AM -07:00,65.6,65.6,65.57,65.57,400
6/11/12 9:33:00 AM -07:00,65.37,65.37,65.29,65.29,900
6/11/12 9:34:00 AM -07:00,65.13,65.13,64.87,64.87,700
6/11/12 9:35:00 AM -07:00,64.87,64.87,64.87,64.87,0
6/11/12 9:36:00 AM -07:00,64.97,65,64.88,64.96,1600
6/11/12 9:37:00 AM -07:00,64.9,64.93,64.82,64.93,900
6/11/12 9:38:00 AM -07:00,64.72,64.72,64.71,64.71,200
6/11/12 9:39:00 AM -07:00,64.71,64.71,64.62,64.62,700
6/11/12 9:40:00 AM -07:00,64.7,64.75,64.7,64.74,1300
6/11/12 9:41:00 AM -07:00,64.7,64.7,64.54,64.54,1100
6/11/12 9:42:00 AM -07:00,64.57,64.62,64.49,64.61,1300
6/11/12 9:43:00 AM -07:00,64.59,64.66,64.59,64.66,600
6/11/12 9:44:00 AM -07:00,64.6,64.67,64.59,64.59,400
6/11/12 9:45:00 AM -07:00,64.58,64.7,64.58,64.63,900
6/11/12 9:46:00 AM -07:00,64.71,64.71,64.64,64.67,900
6/11/12 9:47:00 AM -07:00,64.71,64.83,64.71,64.82,800
6/11/12 9:48:00 AM -07:00,64.71,64.84,64.71,64.8,1700
6/11/12 9:49:00 AM -07:00,64.78,64.84,64.69,64.69,2700
6/11/12 9:50:00 AM -07:00,64.77,64.77,64.68,64.68,300
6/11/12 9:51:00 AM -07:00,64.67,64.68,64.64,64.66,1500
6/11/12 9:52:00 AM -07:00,64.58,64.68,64.58,64.68,1900
6/11/12 9:53:00 AM -07:00,64.7,64.71,64.61,64.61,1300
6/11/12 9:54:00 AM -07:00,64.57,64.68,64.57,64.65,900
6/11/12 9:55:00 AM -07:00,64.63,64.63,64.53,64.53,2600
6/11/12 9:56:00 AM -07:00,64.53,64.53,64.43,64.43,400
6/11/12 9:57:00 AM -07:00,64.39,64.61,64.39,64.61,1000
6/11/12 9:58:00 AM -07:00,64.57,64.57,64.5,64.5,500
6/11/12 9:59:00 AM -07:00,64.35,64.5,64.34,64.39,1100
6/11/12 10:00:00 AM -07:00,64.45,64.45,64.45,64.45,100
6/11/12 10:01:00 AM -07:00,64.35,64.4,64.33,64.4,700
6/11/12 10:02:00 AM -07:00,64.53,64.53,64.53,64.53,100
6/11/12 10:03:00 AM -07:00,64.61,64.66,64.57,64.58,1000
6/11/12 10:04:00 AM -07:00,64.53,64.53,64.45,64.45,900
6/11/12 10:05:00 AM -07:00,64.45,64.49,64.39,64.46,1400
6/11/12 10:06:00 AM -07:00,64.49,64.49,64.4,64.4,3900
6/11/12 10:07:00 AM -07:00,64.4,64.45,64.35,64.35,1100
6/11/12 10:08:00 AM -07:00,64.32,64.32,64.2,64.2,400
6/11/12 10:09:00 AM -07:00,64.19,64.19,64.19,64.19,400
6/11/12 10:10:00 AM -07:00,64.26,64.28,64.17,64.28,800
6/11/12 10:11:00 AM -07:00,64.24,64.24,64.15,64.21,1000
6/11/12 10:12:00 AM -07:00,64.19,64.24,64.12,64.24,800
6/11/12 10:13:00 AM -07:00,64.29,64.36,64.2,64.36,800
6/11/12 10:14:00 AM -07:00,64.33,64.44,64.33,64.44,1700
6/11/12 10:15:00 AM -07:00,64.49,64.55,64.42,64.55,600
6/11/12 10:16:00 AM -07:00,64.55,64.59,64.55,64.59,200
6/11/12 10:17:00 AM -07:00,64.58,64.64,64.58,64.64,400
6/11/12 10:18:00 AM -07:00,64.67,64.67,64.57,64.57,900
6/11/12 10:19:00 AM -07:00,64.51,64.56,64.46,64.51,2900
6/11/12 10:20:00 AM -07:00,64.5,64.56,64.47,64.48,4500
6/11/12 10:21:00 AM -07:00,64.43,64.5,64.36,64.5,16500
6/11/12 10:22:00 AM -07:00,64.51,64.51,64.38,64.38,5000
6/11/12 10:23:00 AM -07:00,64.39,64.41,64.27,64.29,2000
6/11/12 10:24:00 AM -07:00,64.31,64.32,64.31,64.32,500
6/11/12 10:25:00 AM -07:00,64.31,64.37,64.27,64.27,1600
6/11/12 10:26:00 AM -07:00,64.29,64.29,64.08,64.08,7400
6/11/12 10:27:00 AM -07:00,64.08,64.08,63.92,63.92,1500
6/11/12 10:28:00 AM -07:00,63.9,63.96,63.8,63.85,9100
6/11/12 10:29:00 AM -07:00,64.01,64.02,64.01,64.02,500
6/11/12 10:30:00 AM -07:00,64.12,64.15,64.09,64.15,400
6/11/12 10:31:00 AM -07:00,64.17,64.17,64.14,64.14,1500
6/11/12 10:32:00 AM -07:00,64.14,64.24,64.14,64.15,1000
6/11/12 10:33:00 AM -07:00,64.15,64.22,64.13,64.13,600
6/11/12 10:34:00 AM -07:00,64.14,64.32,64.13,64.32,700
6/11/12 10:35:00 AM -07:00,64.25,64.35,64.25,64.3,400
6/11/12 10:36:00 AM -07:00,64.31,64.39,64.29,64.29,1100
6/11/12 10:37:00 AM -07:00,64.29,64.29,64.29,64.29,0
6/11/12 10:38:00 AM -07:00,64.31,64.43,64.31,64.43,700
6/11/12 10:39:00 AM -07:00,64.39,64.44,64.39,64.44,300
6/11/12 10:40:00 AM -07:00,64.49,64.55,64.44,64.55,900
6/11/12 10:41:00 AM -07:00,64.46,64.46,64.46,64.46,400
6/11/12 10:42:00 AM -07:00,64.46,64.52,64.44,64.46,500
6/11/12 10:43:00 AM -07:00,64.42,64.47,64.4,64.4,800
6/11/12 10:44:00 AM -07:00,64.47,64.47,64.41,64.41,500
6/11/12 10:45:00 AM -07:00,64.46,64.46,64.46,64.46,100
6/11/12 10:46:00 AM -07:00,64.4,64.49,64.4,64.49,1400
6/11/12 10:47:00 AM -07:00,64.42,64.49,64.42,64.44,1800
6/11/12 10:48:00 AM -07:00,64.49,64.49,64.45,64.45,1400
6/11/12 10:49:00 AM -07:00,64.45,64.5,64.45,64.45,1000
6/11/12 10:50:00 AM -07:00,64.47,64.47,64.47,64.47,200
6/11/12 10:51:00 AM -07:00,64.41,64.46,64.41,64.42,600
6/11/12 10:52:00 AM -07:00,64.42,64.42,64.26,64.3,1400
6/11/12 10:53:00 AM -07:00,64.36,64.36,64.36,64.36,100
6/11/12 10:54:00 AM -07:00,64.37,64.41,64.37,64.41,300
6/11/12 10:55:00 AM -07:00,64.42,64.42,64.42,64.42,100
6/11/12 10:56:00 AM -07:00,64.41,64.41,64.36,64.36,1500
6/11/12 10:57:00 AM -07:00,64.26,64.26,64.22,64.22,900
6/11/12 10:58:00 AM -07:00,64.25,64.27,64.25,64.27,800
6/11/12 10:59:00 AM -07:00,64.3,64.3,64.3,64.3,100
6/11/12 11:00:00 AM -07:00,64.33,64.41,64.33,64.41,500
6/11/12 11:01:00 AM -07:00,64.39,64.41,64.39,64.41,300
6/11/12 11:02:00 AM -07:00,64.38,64.42,64.38,64.42,200
6/11/12 11:03:00 AM -07:00,64.38,64.39,64.28,64.39,13900
6/11/12 11:04:00 AM -07:00,64.37,64.38,64.37,64.38,200
6/11/12 11:05:00 AM -07:00,64.37,64.4,64.35,64.36,3600
6/11/12 11:06:00 AM -07:00,64.35,64.37,64.24,64.24,6900
6/11/12 11:07:00 AM -07:00,64.23,64.28,64.22,64.25,1800
6/11/12 11:08:00 AM -07:00,64.27,64.29,64.27,64.29,200
6/11/12 11:09:00 AM -07:00,64.3,64.32,64.3,64.3,300
6/11/12 11:10:00 AM -07:00,64.36,64.46,64.33,64.46,1100
6/11/12 11:11:00 AM -07:00,64.44,64.45,64.41,64.41,1600
6/11/12 11:12:00 AM -07:00,64.44,64.44,64.36,64.42,2400
6/11/12 11:13:00 AM -07:00,64.39,64.39,64.39,64.39,200
6/11/12 11:14:00 AM -07:00,64.38,64.42,64.36,64.36,900
6/11/12 11:15:00 AM -07:00,64.36,64.36,64.36,64.36,0
6/11/12 11:16:00 AM -07:00,64.42,64.46,64.4,64.46,1500
6/11/12 11:17:00 AM -07:00,64.44,64.48,64.43,64.48,500
6/11/12 11:18:00 AM -07:00,64.44,64.48,64.4,64.48,900
6/11/12 11:19:00 AM -07:00,64.42,64.43,64.41,64.41,700
6/11/12 11:20:00 AM -07:00,64.37,64.39,64.32,64.32,1400
6/11/12 11:21:00 AM -07:00,64.31,64.34,64.29,64.33,700
6/11/12 11:22:00 AM -07:00,64.27,64.36,64.27,64.36,1300
6/11/12 11:23:00 AM -07:00,64.34,64.43,64.34,64.42,1000
6/11/12 11:24:00 AM -07:00,64.4,64.42,64.34,64.42,2700
6/11/12 11:25:00 AM -07:00,64.39,64.39,64.37,64.37,300
6/11/12 11:26:00 AM -07:00,64.37,64.39,64.37,64.39,200
6/11/12 11:27:00 AM -07:00,64.39,64.39,64.39,64.39,0
6/11/12 11:28:00 AM -07:00,64.39,64.39,64.39,64.39,0
6/11/12 11:29:00 AM -07:00,64.5,64.5,64.42,64.42,1300
6/11/12 11:30:00 AM -07:00,64.43,64.45,64.43,64.43,500
6/11/12 11:31:00 AM -07:00,64.44,64.47,64.44,64.44,1000
6/11/12 11:32:00 AM -07:00,64.49,64.49,64.36,64.36,1600
6/11/12 11:33:00 AM -07:00,64.36,64.36,64.36,64.36,0
6/11/12 11:34:00 AM -07:00,64.4,64.47,64.38,64.42,900
6/11/12 11:35:00 AM -07:00,64.42,64.42,64.42,64.42,0
6/11/12 11:36:00 AM -07:00,64.57,64.64,64.57,64.64,300
6/11/12 11:37:00 AM -07:00,64.65,64.66,64.64,64.66,400
6/11/12 11:38:00 AM -07:00,64.67,64.67,64.58,64.6,800
6/11/12 11:39:00 AM -07:00,64.64,64.67,64.57,64.57,300
6/11/12 11:40:00 AM -07:00,64.65,64.65,64.65,64.65,300
6/11/12 11:41:00 AM -07:00,64.65,64.65,64.65,64.65,0
6/11/12 11:42:00 AM -07:00,64.7,64.73,64.67,64.68,1900
6/11/12 11:43:00 AM -07:00,64.72,64.72,64.67,64.68,700
6/11/12 11:44:00 AM -07:00,64.67,64.67,64.56,64.56,700
6/11/12 11:45:00 AM -07:00,64.56,64.62,64.56,64.61,500
6/11/12 11:46:00 AM -07:00,64.59,64.62,64.57,64.57,500
6/11/12 11:47:00 AM -07:00,64.52,64.52,64.41,64.41,1000
6/11/12 11:48:00 AM -07:00,64.49,64.49,64.42,64.47,400
6/11/12 11:49:00 AM -07:00,64.42,64.43,64.42,64.43,300
6/11/12 11:50:00 AM -07:00,64.42,64.47,64.42,64.47,1000
6/11/12 11:51:00 AM -07:00,64.46,64.46,64.42,64.44,500
6/11/12 11:52:00 AM -07:00,64.43,64.43,64.37,64.37,1300
6/11/12 11:53:00 AM -07:00,64.35,64.37,64.32,64.32,2400
6/11/12 11:54:00 AM -07:00,64.26,64.26,64.25,64.26,300
6/11/12 11:55:00 AM -07:00,64.18,64.18,64.18,64.18,100
6/11/12 11:56:00 AM -07:00,64.29,64.29,64.29,64.29,100
6/11/12 11:57:00 AM -07:00,64.31,64.36,64.23,64.36,800
6/11/12 11:58:00 AM -07:00,64.37,64.51,64.37,64.51,1600
6/11/12 11:59:00 AM -07:00,64.47,64.54,64.47,64.48,400
6/11/12 12:00:00 PM -07:00,64.47,64.52,64.45,64.45,600
6/11/12 12:01:00 PM -07:00,64.45,64.45,64.41,64.41,400
6/11/12 12:02:00 PM -07:00,64.41,64.45,64.41,64.45,1200
6/11/12 12:03:00 PM -07:00,64.41,64.41,64.39,64.39,300
6/11/12 12:04:00 PM -07:00,64.39,64.39,64.39,64.39,0
6/11/12 12:05:00 PM -07:00,64.39,64.39,64.39,64.39,0
6/11/12 12:06:00 PM -07:00,64.39,64.44,64.32,64.36,1700
6/11/12 12:07:00 PM -07:00,64.32,64.32,64.31,64.31,200
6/11/12 12:08:00 PM -07:00,64.36,64.36,64.36,64.36,200
6/11/12 12:09:00 PM -07:00,64.38,64.38,64.35,64.35,300
6/11/12 12:10:00 PM -07:00,64.36,64.37,64.36,64.37,200
6/11/12 12:11:00 PM -07:00,64.38,64.45,64.32,64.36,1800
6/11/12 12:12:00 PM -07:00,64.45,64.45,64.37,64.37,500
6/11/12 12:13:00 PM -07:00,64.3,64.32,64.29,64.29,300
6/11/12 12:14:00 PM -07:00,64.26,64.26,64.26,64.26,300
6/11/12 12:15:00 PM -07:00,64.27,64.27,64.27,64.27,100
6/11/12 12:16:00 PM -07:00,64.27,64.32,64.27,64.32,500
6/11/12 12:17:00 PM -07:00,64.37,64.37,64.37,64.37,200
6/11/12 12:18:00 PM -07:00,64.43,64.43,64.25,64.25,1900
6/11/12 12:19:00 PM -07:00,64.25,64.27,64.24,64.27,400
6/11/12 12:20:00 PM -07:00,64.21,64.24,64.19,64.19,500
6/11/12 12:21:00 PM -07:00,64.19,64.19,64.19,64.19,0
6/11/12 12:22:00 PM -07:00,64.19,64.19,64.19,64.19,0
6/11/12 12:23:00 PM -07:00,64.23,64.3,64.23,64.3,400
6/11/12 12:24:00 PM -07:00,64.33,64.33,64.32,64.32,300
6/11/12 12:25:00 PM -07:00,64.33,64.33,64.33,64.33,100
6/11/12 12:26:00 PM -07:00,64.31,64.34,64.31,64.34,400
6/11/12 12:27:00 PM -07:00,64.29,64.32,64.29,64.3,700
6/11/12 12:28:00 PM -07:00,64.29,64.37,64.29,64.37,500
6/11/12 12:29:00 PM -07:00,64.3,64.31,64.3,64.31,200
6/11/12 12:30:00 PM -07:00,64.31,64.31,64.29,64.29,300
6/11/12 12:31:00 PM -07:00,64.3,64.32,64.3,64.3,800
6/11/12 12:32:00 PM -07:00,64.3,64.3,64.3,64.3,100
6/11/12 12:33:00 PM -07:00,64.29,64.29,64.29,64.29,600
6/11/12 12:34:00 PM -07:00,64.33,64.33,64.29,64.3,300
6/11/12 12:35:00 PM -07:00,64.3,64.34,64.3,64.34,700
6/11/12 12:36:00 PM -07:00,64.33,64.36,64.27,64.27,2100
6/11/12 12:37:00 PM -07:00,64.3,64.3,64.3,64.3,100
6/11/12 12:38:00 PM -07:00,64.31,64.32,64.29,64.29,500
6/11/12 12:39:00 PM -07:00,64.3,64.3,64.27,64.3,300
6/11/12 12:40:00 PM -07:00,64.29,64.36,64.29,64.33,400
6/11/12 12:41:00 PM -07:00,64.33,64.34,64.32,64.34,700
6/11/12 12:42:00 PM -07:00,64.34,64.35,64.34,64.35,600
6/11/12 12:43:00 PM -07:00,64.38,64.38,64.32,64.32,500
6/11/12 12:44:00 PM -07:00,64.24,64.25,64.24,64.25,200
6/11/12 12:45:00 PM -07:00,64.29,64.32,64.25,64.3,11300
6/11/12 12:46:00 PM -07:00,64.26,64.37,64.26,64.34,2800
6/11/12 12:47:00 PM -07:00,64.37,64.44,64.33,64.44,1500
6/11/12 12:48:00 PM -07:00,64.44,64.52,64.44,64.52,1200
6/11/12 12:49:00 PM -07:00,64.52,64.52,64.52,64.52,200
6/11/12 12:50:00 PM -07:00,64.54,64.56,64.5,64.5,2000
6/11/12 12:51:00 PM -07:00,64.55,64.59,64.54,64.56,10100
6/11/12 12:52:00 PM -07:00,64.56,64.56,64.45,64.5,4700
6/11/12 12:53:00 PM -07:00,64.5,64.53,64.45,64.53,1500
6/11/12 12:54:00 PM -07:00,64.53,64.53,64.47,64.48,3600
6/11/12 12:55:00 PM -07:00,64.5,64.53,64.49,64.49,1000
6/11/12 12:56:00 PM -07:00,64.48,64.48,64.43,64.43,1100
6/11/12 12:57:00 PM -07:00,64.45,64.45,64.35,64.37,2300
6/11/12 12:58:00 PM -07:00,64.37,64.4,64.33,64.37,1200
6/11/12 12:59:00 PM -07:00,64.41,64.44,64.37,64.44,500
6/11/12 1:00:00 PM -07:00,64.5,64.55,64.44,64.44,1700
6/11/12 1:01:00 PM -07:00,64.44,64.49,64.42,64.48,1000
6/11/12 1:02:00 PM -07:00,64.46,64.48,64.41,64.42,800
6/11/12 1:03:00 PM -07:00,64.41,64.44,64.37,64.43,1900
6/11/12 1:04:00 PM -07:00,64.48,64.51,64.35,64.36,9400
6/11/12 1:05:00 PM -07:00,64.4,64.4,64.38,64.39,600
6/11/12 1:06:00 PM -07:00,64.39,64.39,64.39,64.39,0
6/11/12 1:07:00 PM -07:00,64.44,64.44,64.44,64.44,100
6/11/12 1:08:00 PM -07:00,64.43,64.47,64.43,64.47,1000
6/11/12 1:09:00 PM -07:00,64.5,64.5,64.5,64.5,200
6/11/12 1:10:00 PM -07:00,64.57,64.57,64.57,64.57,100
6/11/12 1:11:00 PM -07:00,64.57,64.57,64.57,64.57,200
6/11/12 1:12:00 PM -07:00,64.59,64.64,64.59,64.61,800
6/11/12 1:13:00 PM -07:00,64.67,64.67,64.64,64.64,200
6/11/12 1:14:00 PM -07:00,64.64,64.64,64.53,64.53,1200
6/11/12 1:15:00 PM -07:00,64.56,64.61,64.55,64.61,600
6/11/12 1:16:00 PM -07:00,64.61,64.62,64.54,64.54,1000
6/11/12 1:17:00 PM -07:00,64.54,64.54,64.54,64.54,0
6/11/12 1:18:00 PM -07:00,64.56,64.58,64.56,64.58,400
6/11/12 1:19:00 PM -07:00,64.54,64.54,64.54,64.54,200
6/11/12 1:20:00 PM -07:00,64.57,64.59,64.49,64.54,2400
6/11/12 1:21:00 PM -07:00,64.54,64.54,64.54,64.54,0
6/11/12 1:22:00 PM -07:00,64.55,64.55,64.53,64.53,600
6/11/12 1:23:00 PM -07:00,64.53,64.56,64.52,64.52,700
6/11/12 1:24:00 PM -07:00,64.55,64.55,64.54,64.54,200
6/11/12 1:25:00 PM -07:00,64.56,64.56,64.56,64.56,100
6/11/12 1:26:00 PM -07:00,64.56,64.56,64.53,64.56,300
6/11/12 1:27:00 PM -07:00,64.51,64.51,64.51,64.51,100
6/11/12 1:28:00 PM -07:00,64.5,64.57,64.5,64.57,200
6/11/12 1:29:00 PM -07:00,64.58,64.58,64.54,64.54,500
6/11/12 1:30:00 PM -07:00,64.55,64.56,64.47,64.47,1300
6/11/12 1:31:00 PM -07:00,64.47,64.47,64.47,64.47,0
6/11/12 1:32:00 PM -07:00,64.5,64.54,64.49,64.5,1500
6/11/12 1:33:00 PM -07:00,64.46,64.48,64.42,64.42,400
6/11/12 1:34:00 PM -07:00,64.42,64.42,64.34,64.34,600
6/11/12 1:35:00 PM -07:00,64.28,64.32,64.27,64.32,700
6/11/12 1:36:00 PM -07:00,64.32,64.32,64.32,64.32,0
6/11/12 1:37:00 PM -07:00,64.32,64.32,64.32,64.32,0
6/11/12 1:38:00 PM -07:00,64.34,64.46,64.34,64.43,1400
6/11/12 1:39:00 PM -07:00,64.49,64.49,64.49,64.49,100
6/11/12 1:40:00 PM -07:00,64.44,64.46,64.28,64.31,1400
6/11/12 1:41:00 PM -07:00,64.24,64.25,64.24,64.25,700
6/11/12 1:42:00 PM -07:00,64.23,64.25,64.22,64.25,1300
6/11/12 1:43:00 PM -07:00,64.24,64.24,64.24,64.24,200
6/11/12 1:44:00 PM -07:00,64.28,64.28,64.24,64.25,800
6/11/12 1:45:00 PM -07:00,64.24,64.25,64.21,64.21,2100
6/11/12 1:46:00 PM -07:00,64.21,64.21,64.21,64.21,0
6/11/12 1:47:00 PM -07:00,64.21,64.21,64.21,64.21,0
6/11/12 1:48:00 PM -07:00,64.26,64.26,64.26,64.26,200
6/11/12 1:49:00 PM -07:00,64.22,64.23,64.22,64.23,800
6/11/12 1:50:00 PM -07:00,64.28,64.28,64.21,64.21,400
6/11/12 1:51:00 PM -07:00,64.21,64.27,64.21,64.27,900
6/11/12 1:52:00 PM -07:00,64.29,64.36,64.29,64.34,900
6/11/12 1:53:00 PM -07:00,64.34,64.34,64.34,64.34,0
6/11/12 1:54:00 PM -07:00,64.34,64.34,64.34,64.34,0
6/11/12 1:55:00 PM -07:00,64.34,64.34,64.34,64.34,0
6/11/12 1:56:00 PM -07:00,64.33,64.39,64.33,64.38,700
6/11/12 1:57:00 PM -07:00,64.38,64.38,64.38,64.38,0
6/11/12 1:58:00 PM -07:00,64.39,64.43,64.39,64.43,600
6/11/12 1:59:00 PM -07:00,64.42,64.42,64.38,64.38,700
6/11/12 2:00:00 PM -07:00,64.38,64.38,64.38,64.38,0
6/11/12 2:01:00 PM -07:00,64.34,64.34,64.27,64.27,1000
6/11/12 2:02:00 PM -07:00,64.25,64.25,64.15,64.16,1800
6/11/12 2:03:00 PM -07:00,64.16,64.16,64.08,64.08,4800
6/11/12 2:04:00 PM -07:00,64.08,64.15,64.08,64.12,2000
6/11/12 2:05:00 PM -07:00,64.11,64.12,64.06,64.06,1200
6/11/12 2:06:00 PM -07:00,64,64.07,64,64.07,300
6/11/12 2:07:00 PM -07:00,64.04,64.04,64.04,64.04,200
6/11/12 2:08:00 PM -07:00,64.09,64.09,64.06,64.08,400
6/11/12 2:09:00 PM -07:00,64.14,64.14,64.08,64.08,700
6/11/12 2:10:00 PM -07:00,64.1,64.1,64.04,64.04,800
6/11/12 2:11:00 PM -07:00,64.05,64.05,64.02,64.04,1700
6/11/12 2:12:00 PM -07:00,64.03,64.13,64.03,64.13,300
6/11/12 2:13:00 PM -07:00,64.15,64.15,64.1,64.1,600
6/11/12 2:14:00 PM -07:00,64.1,64.1,64.1,64.1,0
6/11/12 2:15:00 PM -07:00,64.06,64.08,64.05,64.08,800
6/11/12 2:16:00 PM -07:00,64.06,64.07,64.04,64.04,1200
6/11/12 2:17:00 PM -07:00,64.01,64.01,63.97,63.97,600
6/11/12 2:18:00 PM -07:00,63.95,63.95,63.95,63.95,100
6/11/12 2:19:00 PM -07:00,63.92,63.92,63.87,63.87,700
6/11/12 2:20:00 PM -07:00,63.93,63.93,63.92,63.92,200
6/11/12 2:21:00 PM -07:00,63.93,63.99,63.93,63.99,900
6/11/12 2:22:00 PM -07:00,64,64.05,64,64.05,900
6/11/12 2:23:00 PM -07:00,64.12,64.12,64.1,64.1,200
6/11/12 2:24:00 PM -07:00,64.1,64.1,64.1,64.1,0
6/11/12 2:25:00 PM -07:00,64.15,64.15,64.09,64.09,400
6/11/12 2:26:00 PM -07:00,64.08,64.12,64.08,64.12,600
6/11/12 2:27:00 PM -07:00,64.1,64.14,64.1,64.14,300
6/11/12 2:28:00 PM -07:00,64.14,64.15,64.13,64.15,600
6/11/12 2:29:00 PM -07:00,64.14,64.17,64.1,64.11,900
6/11/12 2:30:00 PM -07:00,64.09,64.1,64.09,64.1,200
6/11/12 2:31:00 PM -07:00,64.07,64.1,64.06,64.09,700
6/11/12 2:32:00 PM -07:00,64.1,64.16,64.07,64.16,1900
6/11/12 2:33:00 PM -07:00,64.16,64.16,64.16,64.16,0
6/11/12 2:34:00 PM -07:00,64.19,64.19,64.19,64.19,100
6/11/12 2:35:00 PM -07:00,64.23,64.23,64.22,64.22,600
6/11/12 2:36:00 PM -07:00,64.19,64.19,64.15,64.18,700
6/11/12 2:37:00 PM -07:00,64.14,64.14,64.09,64.09,400
6/11/12 2:38:00 PM -07:00,64.03,64.03,64.03,64.03,200
6/11/12 2:39:00 PM -07:00,64.01,64.02,63.98,63.98,600
6/11/12 2:40:00 PM -07:00,63.95,63.95,63.95,63.95,500
6/11/12 2:41:00 PM -07:00,63.93,64.03,63.93,63.97,2600
6/11/12 2:42:00 PM -07:00,63.98,63.98,63.98,63.98,300
6/11/12 2:43:00 PM -07:00,63.97,63.97,63.93,63.93,900
6/11/12 2:44:00 PM -07:00,63.94,63.96,63.93,63.96,700
6/11/12 2:45:00 PM -07:00,63.92,63.92,63.88,63.88,300
6/11/12 2:46:00 PM -07:00,63.92,63.92,63.87,63.87,300
6/11/12 2:47:00 PM -07:00,63.86,63.88,63.84,63.88,1200
6/11/12 2:48:00 PM -07:00,63.89,63.91,63.86,63.91,900
6/11/12 2:49:00 PM -07:00,63.91,63.93,63.87,63.93,700
6/11/12 2:50:00 PM -07:00,63.93,63.93,63.93,63.93,0
6/11/12 2:51:00 PM -07:00,63.88,63.91,63.88,63.91,200
6/11/12 2:52:00 PM -07:00,63.9,63.93,63.88,63.91,1800
6/11/12 2:53:00 PM -07:00,63.9,63.95,63.9,63.92,900
6/11/12 2:54:00 PM -07:00,63.89,63.89,63.85,63.86,800
6/11/12 2:55:00 PM -07:00,63.83,63.83,63.8,63.83,900
6/11/12 2:56:00 PM -07:00,63.82,63.85,63.8,63.81,1200
6/11/12 2:57:00 PM -07:00,63.85,63.87,63.81,63.84,1400
6/11/12 2:58:00 PM -07:00,63.87,63.87,63.87,63.87,200
6/11/12 2:59:00 PM -07:00,63.93,63.98,63.91,63.98,900
6/11/12 3:00:00 PM -07:00,63.97,63.98,63.9,63.9,1200
6/11/12 3:01:00 PM -07:00,63.91,63.91,63.87,63.87,400
6/11/12 3:02:00 PM -07:00,63.87,63.91,63.87,63.88,1000
6/11/12 3:03:00 PM -07:00,63.87,63.91,63.85,63.85,1600
6/11/12 3:04:00 PM -07:00,63.94,63.94,63.89,63.89,200
6/11/12 3:05:00 PM -07:00,63.95,63.95,63.92,63.94,700
6/11/12 3:06:00 PM -07:00,63.94,63.98,63.92,63.95,1900
6/11/12 3:07:00 PM -07:00,63.94,63.96,63.92,63.94,1500
6/11/12 3:08:00 PM -07:00,63.91,63.91,63.89,63.9,500
6/11/12 3:09:00 PM -07:00,63.95,63.95,63.8,63.85,800
6/11/12 3:10:00 PM -07:00,63.85,63.85,63.85,63.85,0
6/11/12 3:11:00 PM -07:00,63.87,63.88,63.83,63.83,1300
6/11/12 3:12:00 PM -07:00,63.86,63.9,63.84,63.87,1800
6/11/12 3:13:00 PM -07:00,63.83,63.83,63.78,63.78,600
6/11/12 3:14:00 PM -07:00,63.78,63.81,63.72,63.72,1300
6/11/12 3:15:00 PM -07:00,63.71,63.75,63.67,63.74,1500
6/11/12 3:16:00 PM -07:00,63.67,63.74,63.65,63.65,1300
6/11/12 3:17:00 PM -07:00,63.7,63.7,63.65,63.65,1000
6/11/12 3:18:00 PM -07:00,63.67,63.74,63.63,63.68,3200
6/11/12 3:19:00 PM -07:00,63.58,63.62,63.58,63.61,400
6/11/12 3:20:00 PM -07:00,63.57,63.57,63.57,63.57,100
6/11/12 3:21:00 PM -07:00,63.64,63.64,63.6,63.6,300
6/11/12 3:22:00 PM -07:00,63.64,63.68,63.64,63.68,300
6/11/12 3:23:00 PM -07:00,63.64,63.64,63.6,63.64,600
6/11/12 3:24:00 PM -07:00,63.63,63.63,63.59,63.6,1300
6/11/12 3:25:00 PM -07:00,63.62,63.66,63.62,63.66,700
6/11/12 3:26:00 PM -07:00,63.63,63.64,63.56,63.56,2100
6/11/12 3:27:00 PM -07:00,63.56,63.57,63.49,63.55,1400
6/11/12 3:28:00 PM -07:00,63.54,63.54,63.54,63.54,100
6/11/12 3:29:00 PM -07:00,63.55,63.62,63.55,63.61,1400
6/11/12 3:30:00 PM -07:00,63.59,63.66,63.59,63.66,1100
6/11/12 3:31:00 PM -07:00,63.63,63.68,63.61,63.66,1600
6/11/12 3:32:00 PM -07:00,63.7,63.72,63.67,63.69,1000
6/11/12 3:33:00 PM -07:00,63.69,63.78,63.69,63.76,2000
6/11/12 3:34:00 PM -07:00,63.74,63.8,63.69,63.69,1700
6/11/12 3:35:00 PM -07:00,63.7,63.76,63.69,63.76,2900
6/11/12 3:36:00 PM -07:00,63.75,63.79,63.7,63.79,4400
6/11/12 3:37:00 PM -07:00,63.76,63.87,63.76,63.87,1500
6/11/12 3:38:00 PM -07:00,63.9,63.93,63.85,63.85,2200
6/11/12 3:39:00 PM -07:00,63.81,63.86,63.78,63.8,1300
6/11/12 3:40:00 PM -07:00,63.86,63.89,63.83,63.83,1300
6/11/12 3:41:00 PM -07:00,63.89,64.03,63.86,64.03,1800
6/11/12 3:42:00 PM -07:00,64,64.02,63.92,63.94,1700
6/11/12 3:43:00 PM -07:00,63.95,64,63.94,63.97,1100
6/11/12 3:44:00 PM -07:00,63.97,63.97,63.94,63.94,1600
6/11/12 3:45:00 PM -07:00,63.92,63.99,63.92,63.99,2000
6/11/12 3:46:00 PM -07:00,63.96,63.97,63.85,63.93,3100
6/11/12 3:47:00 PM -07:00,63.95,63.96,63.85,63.87,1200
6/11/12 3:48:00 PM -07:00,63.86,63.9,63.86,63.88,1100
6/11/12 3:49:00 PM -07:00,63.88,63.88,63.79,63.8,2400
6/11/12 3:50:00 PM -07:00,63.83,63.83,63.72,63.74,1500
6/11/12 3:51:00 PM -07:00,63.7,63.75,63.58,63.69,6200
6/11/12 3:52:00 PM -07:00,63.69,63.69,63.61,63.62,2000
6/11/12 3:53:00 PM -07:00,63.63,63.64,63.48,63.49,5200
6/11/12 3:54:00 PM -07:00,63.49,63.55,63.45,63.54,9300
6/11/12 3:55:00 PM -07:00,63.52,63.53,63.45,63.47,3400
6/11/12 3:56:00 PM -07:00,63.45,63.48,63.45,63.45,1300
6/11/12 3:57:00 PM -07:00,63.45,63.48,63.44,63.45,2900
6/11/12 3:58:00 PM -07:00,63.46,63.48,63.39,63.4,5900
6/11/12 3:59:00 PM -07:00,63.4,63.41,63.32,63.35,6500
6/11/12 4:00:00 PM -07:00,63.35,63.45,63.29,63.45,9700
6/12/12 9:31:00 AM -07:00,63.67,63.67,63.36,63.36,2300
6/12/12 9:32:00 AM -07:00,63.58,63.58,63.58,63.58,300
6/12/12 9:33:00 AM -07:00,63.67,63.67,63.67,63.67,200
6/12/12 9:34:00 AM -07:00,63.9,64.09,63.9,64.09,200
6/12/12 9:35:00 AM -07:00,64.07,64.23,64.07,64.23,300
6/12/12 9:36:00 AM -07:00,64.31,64.34,64.3,64.34,300
6/12/12 9:37:00 AM -07:00,64.32,64.32,63.84,63.88,12400
6/12/12 9:38:00 AM -07:00,63.83,64.18,63.78,64.1,11500
6/12/12 9:39:00 AM -07:00,64.1,64.21,63.83,63.83,7500
6/12/12 9:40:00 AM -07:00,63.83,63.85,63.8,63.8,300
6/12/12 9:41:00 AM -07:00,63.8,63.8,63.8,63.8,0
6/12/12 9:42:00 AM -07:00,63.8,63.8,63.8,63.8,0
6/12/12 9:43:00 AM -07:00,63.78,63.79,63.71,63.71,2200
6/12/12 9:44:00 AM -07:00,63.7,63.7,63.7,63.7,100
6/12/12 9:45:00 AM -07:00,63.7,63.7,63.7,63.7,0
6/12/12 9:46:00 AM -07:00,63.84,63.84,63.83,63.83,200
6/12/12 9:47:00 AM -07:00,63.79,63.85,63.78,63.82,3500
6/12/12 9:48:00 AM -07:00,63.93,63.93,63.93,63.93,100
6/12/12 9:49:00 AM -07:00,64,64.03,63.87,64.02,3900
6/12/12 9:50:00 AM -07:00,64.02,64.02,63.97,63.97,400
6/12/12 9:51:00 AM -07:00,64.08,64.23,64.08,64.23,600
6/12/12 9:52:00 AM -07:00,64.3,64.3,64.19,64.23,900
6/12/12 9:53:00 AM -07:00,64.18,64.18,64.16,64.16,200
6/12/12 9:54:00 AM -07:00,64.16,64.16,64.16,64.16,0
6/12/12 9:55:00 AM -07:00,64.1,64.11,64.1,64.11,700
6/12/12 9:56:00 AM -07:00,64.16,64.16,64.16,64.16,800
6/12/12 9:57:00 AM -07:00,64.1,64.1,63.95,64,2200
6/12/12 9:58:00 AM -07:00,64.03,64.11,64,64.04,2100
6/12/12 9:59:00 AM -07:00,64.13,64.14,64.03,64.03,1000
6/12/12 10:00:00 AM -07:00,64.03,64.03,63.89,63.89,200
6/12/12 10:01:00 AM -07:00,63.89,63.89,63.89,63.89,0
6/12/12 10:02:00 AM -07:00,63.9,63.99,63.85,63.91,2900
6/12/12 10:03:00 AM -07:00,63.88,64.15,63.88,64.15,2200
6/12/12 10:04:00 AM -07:00,64.08,64.08,64,64.06,2100
6/12/12 10:05:00 AM -07:00,64.02,64.06,64.01,64.06,400
6/12/12 10:06:00 AM -07:00,63.97,63.97,63.87,63.91,1100
6/12/12 10:07:00 AM -07:00,63.91,63.91,63.91,63.91,0
6/12/12 10:08:00 AM -07:00,63.91,63.91,63.91,63.91,0
6/12/12 10:09:00 AM -07:00,63.72,63.77,63.49,63.49,6000
6/12/12 10:10:00 AM -07:00,63.49,63.5,63.4,63.47,1900
6/12/12 10:11:00 AM -07:00,63.46,63.46,63.25,63.28,1100
6/12/12 10:12:00 AM -07:00,63.28,63.35,63.28,63.35,600
6/12/12 10:13:00 AM -07:00,63.35,63.35,63.29,63.31,600
6/12/12 10:14:00 AM -07:00,63.35,63.37,63.35,63.37,300
6/12/12 10:15:00 AM -07:00,63.35,63.35,63.33,63.35,300
6/12/12 10:16:00 AM -07:00,63.33,63.33,63.27,63.27,400
6/12/12 10:17:00 AM -07:00,63.27,63.27,63.27,63.27,0
6/12/12 10:18:00 AM -07:00,63.25,63.43,63.25,63.35,2600
6/12/12 10:19:00 AM -07:00,63.36,63.49,63.36,63.48,700
6/12/12 10:20:00 AM -07:00,63.43,63.43,63.25,63.25,1500
6/12/12 10:21:00 AM -07:00,63.26,63.33,63.24,63.31,2200
6/12/12 10:22:00 AM -07:00,63.25,63.25,63.22,63.25,600
6/12/12 10:23:00 AM -07:00,63.27,63.28,63.11,63.11,1000
6/12/12 10:24:00 AM -07:00,63.12,63.24,63.12,63.24,300
6/12/12 10:25:00 AM -07:00,63.3,63.3,63.24,63.24,1100
6/12/12 10:26:00 AM -07:00,63.27,63.34,63.23,63.34,1700
6/12/12 10:27:00 AM -07:00,63.35,63.43,63.35,63.43,1100
6/12/12 10:28:00 AM -07:00,63.46,63.47,63.4,63.4,1400
6/12/12 10:29:00 AM -07:00,63.38,63.49,63.38,63.49,2000
6/12/12 10:30:00 AM -07:00,63.46,63.46,63.46,63.46,300
6/12/12 10:31:00 AM -07:00,63.46,63.46,63.39,63.4,3500
6/12/12 10:32:00 AM -07:00,63.4,63.48,63.32,63.42,3700
6/12/12 10:33:00 AM -07:00,63.34,63.37,63.3,63.37,600
6/12/12 10:34:00 AM -07:00,63.3,63.3,63.3,63.3,1300
6/12/12 10:35:00 AM -07:00,63.32,63.39,63.28,63.39,2800
6/12/12 10:36:00 AM -07:00,63.39,63.42,63.39,63.42,600
6/12/12 10:37:00 AM -07:00,63.51,63.52,63.45,63.52,5400
6/12/12 10:38:00 AM -07:00,63.45,63.45,63.4,63.4,600
6/12/12 10:39:00 AM -07:00,63.35,63.35,63.28,63.28,400
6/12/12 10:40:00 AM -07:00,63.28,63.28,63.28,63.28,0
6/12/12 10:41:00 AM -07:00,63.29,63.37,63.25,63.37,1300
6/12/12 10:42:00 AM -07:00,63.39,63.47,63.35,63.47,2500
6/12/12 10:43:00 AM -07:00,63.44,63.44,63.43,63.44,700
6/12/12 10:44:00 AM -07:00,63.42,63.44,63.38,63.44,3400
6/12/12 10:45:00 AM -07:00,63.41,63.45,63.36,63.4,2800
6/12/12 10:46:00 AM -07:00,63.4,63.43,63.38,63.43,400
6/12/12 10:47:00 AM -07:00,63.44,63.48,63.44,63.48,1000
6/12/12 10:48:00 AM -07:00,63.48,63.64,63.48,63.64,400
6/12/12 10:49:00 AM -07:00,63.64,63.64,63.64,63.64,0
6/12/12 10:50:00 AM -07:00,63.7,63.76,63.7,63.76,400
6/12/12 10:51:00 AM -07:00,63.7,63.72,63.62,63.62,2000
6/12/12 10:52:00 AM -07:00,63.67,63.8,63.62,63.8,8000
6/12/12 10:53:00 AM -07:00,63.83,63.83,63.82,63.82,200
6/12/12 10:54:00 AM -07:00,63.82,63.87,63.82,63.87,1100
6/12/12 10:55:00 AM -07:00,63.86,63.93,63.86,63.93,2400
6/12/12 10:56:00 AM -07:00,63.87,64,63.87,63.99,5900
6/12/12 10:57:00 AM -07:00,63.99,64,63.9,63.9,6100
6/12/12 10:58:00 AM -07:00,63.87,63.94,63.87,63.88,700
6/12/12 10:59:00 AM -07:00,63.91,63.91,63.77,63.77,1700
6/12/12 11:00:00 AM -07:00,63.76,63.83,63.73,63.82,2100
6/12/12 11:01:00 AM -07:00,63.84,63.91,63.8,63.89,3100
6/12/12 11:02:00 AM -07:00,63.88,63.97,63.84,63.92,11300
6/12/12 11:03:00 AM -07:00,63.88,63.96,63.84,63.88,5200
6/12/12 11:04:00 AM -07:00,63.95,63.96,63.92,63.94,8500
6/12/12 11:05:00 AM -07:00,63.97,63.98,63.95,63.95,700
6/12/12 11:06:00 AM -07:00,63.95,63.95,63.95,63.95,0
6/12/12 11:07:00 AM -07:00,63.98,64.03,63.97,63.97,1600
6/12/12 11:08:00 AM -07:00,63.99,63.99,63.95,63.97,1700
6/12/12 11:09:00 AM -07:00,63.97,63.97,63.97,63.97,0
6/12/12 11:10:00 AM -07:00,63.93,63.94,63.88,63.9,6200
6/12/12 11:11:00 AM -07:00,64.02,64.16,64.02,64.11,1000
6/12/12 11:12:00 AM -07:00,64.15,64.16,64.15,64.16,500
6/12/12 11:13:00 AM -07:00,64.22,64.26,64.22,64.26,400
6/12/12 11:14:00 AM -07:00,64.33,64.33,64.29,64.29,200
6/12/12 11:15:00 AM -07:00,64.32,64.32,64.32,64.32,300
6/12/12 11:16:00 AM -07:00,64.29,64.35,64.29,64.35,200
6/12/12 11:17:00 AM -07:00,64.34,64.34,64.27,64.3,500
6/12/12 11:18:00 AM -07:00,64.27,64.27,64.13,64.13,600
6/12/12 11:19:00 AM -07:00,64.16,64.21,64.16,64.21,600
6/12/12 11:20:00 AM -07:00,64.21,64.21,64.21,64.21,0
6/12/12 11:21:00 AM -07:00,64.21,64.28,64.21,64.26,900
6/12/12 11:22:00 AM -07:00,64.31,64.46,64.31,64.36,1400
6/12/12 11:23:00 AM -07:00,64.46,64.49,64.46,64.49,300
6/12/12 11:24:00 AM -07:00,64.44,64.45,64.42,64.42,400
6/12/12 11:25:00 AM -07:00,64.37,64.37,64.37,64.37,200
6/12/12 11:26:00 AM -07:00,64.4,64.41,64.36,64.36,600
6/12/12 11:27:00 AM -07:00,64.34,64.34,64.26,64.26,800
6/12/12 11:28:00 AM -07:00,64.28,64.3,64.21,64.22,2400
6/12/12 11:29:00 AM -07:00,64.22,64.33,64.22,64.3,7100
6/12/12 11:30:00 AM -07:00,64.3,64.3,64.3,64.3,0
6/12/12 11:31:00 AM -07:00,64.36,64.36,64.36,64.36,100
6/12/12 11:32:00 AM -07:00,64.37,64.4,64.33,64.35,2000
6/12/12 11:33:00 AM -07:00,64.36,64.36,64.27,64.27,1700
6/12/12 11:34:00 AM -07:00,64.3,64.3,64.28,64.3,500
6/12/12 11:35:00 AM -07:00,64.34,64.34,64.27,64.27,200
6/12/12 11:36:00 AM -07:00,64.29,64.3,64.23,64.23,800
6/12/12 11:37:00 AM -07:00,64.19,64.19,64.13,64.15,1200
6/12/12 11:38:00 AM -07:00,64.15,64.15,64.15,64.15,0
6/12/12 11:39:00 AM -07:00,64.21,64.21,64.2,64.2,500
6/12/12 11:40:00 AM -07:00,64.25,64.26,64.25,64.26,200
6/12/12 11:41:00 AM -07:00,64.26,64.27,64.26,64.27,600
6/12/12 11:42:00 AM -07:00,64.33,64.33,64.29,64.29,300
6/12/12 11:43:00 AM -07:00,64.32,64.34,64.32,64.34,500
6/12/12 11:44:00 AM -07:00,64.28,64.3,64.19,64.24,2800
6/12/12 11:45:00 AM -07:00,64.24,64.24,64.24,64.24,0
6/12/12 11:46:00 AM -07:00,64.28,64.31,64.25,64.27,2900
6/12/12 11:47:00 AM -07:00,64.29,64.31,64.29,64.3,1000
6/12/12 11:48:00 AM -07:00,64.3,64.3,64.3,64.3,0
6/12/12 11:49:00 AM -07:00,64.33,64.34,64.33,64.34,300
6/12/12 11:50:00 AM -07:00,64.34,64.34,64.24,64.3,2200
6/12/12 11:51:00 AM -07:00,64.31,64.31,64.31,64.31,100
6/12/12 11:52:00 AM -07:00,64.25,64.27,64.24,64.25,800
6/12/12 11:53:00 AM -07:00,64.25,64.25,64.25,64.25,0
6/12/12 11:54:00 AM -07:00,64.24,64.24,64.15,64.18,1200
6/12/12 11:55:00 AM -07:00,64.18,64.18,64.09,64.09,700
6/12/12 11:56:00 AM -07:00,64.07,64.13,64.07,64.07,500
6/12/12 11:57:00 AM -07:00,64.08,64.12,64,64,3000
6/12/12 11:58:00 AM -07:00,63.91,63.93,63.91,63.91,700
6/12/12 11:59:00 AM -07:00,63.89,64,63.89,63.96,2000
6/12/12 12:00:00 PM -07:00,63.99,64.05,63.98,64,1400
6/12/12 12:01:00 PM -07:00,63.98,64.01,63.97,64.01,1200
6/12/12 12:02:00 PM -07:00,64.06,64.06,64.05,64.06,900
6/12/12 12:03:00 PM -07:00,64.08,64.18,64.08,64.17,1300
6/12/12 12:04:00 PM -07:00,64.17,64.18,64.1,64.11,2100
6/12/12 12:05:00 PM -07:00,64.11,64.17,64.11,64.17,300
6/12/12 12:06:00 PM -07:00,64.14,64.16,64.14,64.16,300
6/12/12 12:07:00 PM -07:00,64.16,64.16,64.12,64.12,1300
6/12/12 12:08:00 PM -07:00,64.12,64.14,64.1,64.12,500
6/12/12 12:09:00 PM -07:00,64.11,64.11,64.08,64.1,1000
6/12/12 12:10:00 PM -07:00,64.07,64.07,64.06,64.06,200
6/12/12 12:11:00 PM -07:00,64.04,64.06,64.04,64.06,600
6/12/12 12:12:00 PM -07:00,64.04,64.1,64.03,64.04,3400
6/12/12 12:13:00 PM -07:00,64.02,64.02,64,64,600
6/12/12 12:14:00 PM -07:00,63.98,64.05,63.98,64.01,500
6/12/12 12:15:00 PM -07:00,63.97,63.97,63.97,63.97,100
6/12/12 12:16:00 PM -07:00,63.96,63.96,63.93,63.96,600
6/12/12 12:17:00 PM -07:00,63.96,63.96,63.96,63.96,0
6/12/12 12:18:00 PM -07:00,63.89,63.98,63.89,63.98,700
6/12/12 12:19:00 PM -07:00,63.92,63.92,63.92,63.92,100
6/12/12 12:20:00 PM -07:00,63.92,63.92,63.92,63.92,0
6/12/12 12:21:00 PM -07:00,63.97,63.97,63.97,63.97,100
6/12/12 12:22:00 PM -07:00,63.97,64.03,63.97,64.01,1800
6/12/12 12:23:00 PM -07:00,64.02,64.04,63.96,63.98,2000
6/12/12 12:24:00 PM -07:00,64.02,64.02,64.02,64.02,300
6/12/12 12:25:00 PM -07:00,64.02,64.02,64.02,64.02,0
6/12/12 12:26:00 PM -07:00,63.96,63.96,63.94,63.96,600
6/12/12 12:27:00 PM -07:00,63.96,63.96,63.96,63.96,0
6/12/12 12:28:00 PM -07:00,63.96,63.96,63.96,63.96,0
6/12/12 12:29:00 PM -07:00,63.94,63.98,63.94,63.98,300
6/12/12 12:30:00 PM -07:00,63.95,63.95,63.95,63.95,400
6/12/12 12:31:00 PM -07:00,63.88,63.88,63.88,63.88,300
6/12/12 12:32:00 PM -07:00,63.9,63.93,63.9,63.9,500
6/12/12 12:33:00 PM -07:00,63.89,63.89,63.88,63.88,200
6/12/12 12:34:00 PM -07:00,63.89,63.89,63.89,63.89,100
6/12/12 12:35:00 PM -07:00,63.86,63.86,63.86,63.86,400
6/12/12 12:36:00 PM -07:00,63.86,63.86,63.86,63.86,0
6/12/12 12:37:00 PM -07:00,63.88,63.95,63.88,63.92,600
6/12/12 12:38:00 PM -07:00,63.92,63.92,63.92,63.92,0
6/12/12 12:39:00 PM -07:00,63.95,63.95,63.95,63.95,200
6/12/12 12:40:00 PM -07:00,63.98,64.02,63.98,64.02,500
6/12/12 12:41:00 PM -07:00,64.01,64.03,63.93,63.94,2200
6/12/12 12:42:00 PM -07:00,63.94,63.94,63.94,63.94,0
6/12/12 12:43:00 PM -07:00,63.94,63.94,63.87,63.87,200
6/12/12 12:44:00 PM -07:00,63.9,63.9,63.9,63.9,100
6/12/12 12:45:00 PM -07:00,63.9,63.9,63.9,63.9,0
6/12/12 12:46:00 PM -07:00,63.9,63.9,63.9,63.9,0
6/12/12 12:47:00 PM -07:00,63.89,63.89,63.89,63.89,100
6/12/12 12:48:00 PM -07:00,63.88,63.88,63.88,63.88,400
6/12/12 12:49:00 PM -07:00,63.89,63.89,63.89,63.89,200
6/12/12 12:50:00 PM -07:00,63.9,63.9,63.9,63.9,100
6/12/12 12:51:00 PM -07:00,63.9,63.9,63.9,63.9,100
6/12/12 12:52:00 PM -07:00,63.91,63.92,63.91,63.92,200
6/12/12 12:53:00 PM -07:00,63.9,63.9,63.88,63.88,400
6/12/12 12:54:00 PM -07:00,63.83,63.83,63.83,63.83,300
6/12/12 12:55:00 PM -07:00,63.85,63.93,63.85,63.89,2200
6/12/12 12:56:00 PM -07:00,63.89,63.89,63.76,63.76,1700
6/12/12 12:57:00 PM -07:00,63.76,63.76,63.76,63.76,0
6/12/12 12:58:00 PM -07:00,63.71,63.71,63.71,63.71,200
6/12/12 12:59:00 PM -07:00,63.7,63.71,63.7,63.71,700
6/12/12 1:00:00 PM -07:00,63.71,63.71,63.71,63.71,0
6/12/12 1:01:00 PM -07:00,63.71,63.71,63.71,63.71,0
6/12/12 1:02:00 PM -07:00,63.71,63.71,63.71,63.71,0
6/12/12 1:03:00 PM -07:00,63.77,63.79,63.75,63.78,1200
6/12/12 1:04:00 PM -07:00,63.78,63.78,63.78,63.78,0
6/12/12 1:05:00 PM -07:00,63.78,63.78,63.78,63.78,0
6/12/12 1:06:00 PM -07:00,63.78,63.78,63.78,63.78,0
6/12/12 1:07:00 PM -07:00,63.78,63.78,63.78,63.78,0
6/12/12 1:08:00 PM -07:00,63.77,63.77,63.71,63.71,1300
6/12/12 1:09:00 PM -07:00,63.68,63.7,63.68,63.7,800
6/12/12 1:10:00 PM -07:00,63.74,63.74,63.73,63.73,500
6/12/12 1:11:00 PM -07:00,63.76,63.77,63.76,63.76,400
6/12/12 1:12:00 PM -07:00,63.84,63.9,63.84,63.89,1200
6/12/12 1:13:00 PM -07:00,63.92,64.01,63.92,63.97,1000
6/12/12 1:14:00 PM -07:00,63.97,63.97,63.94,63.96,900
6/12/12 1:15:00 PM -07:00,63.99,64.05,63.95,63.95,1600
6/12/12 1:16:00 PM -07:00,63.96,63.96,63.95,63.96,600
6/12/12 1:17:00 PM -07:00,63.96,63.96,63.96,63.96,0
6/12/12 1:18:00 PM -07:00,63.96,63.96,63.96,63.96,0
6/12/12 1:19:00 PM -07:00,63.95,63.98,63.95,63.95,1000
6/12/12 1:20:00 PM -07:00,63.91,63.98,63.91,63.98,200
6/12/12 1:21:00 PM -07:00,64.01,64.01,63.98,63.98,300
6/12/12 1:22:00 PM -07:00,64.02,64.02,63.99,64.02,300
6/12/12 1:23:00 PM -07:00,63.94,63.94,63.94,63.94,200
6/12/12 1:24:00 PM -07:00,63.89,63.89,63.89,63.89,100
6/12/12 1:25:00 PM -07:00,63.85,63.85,63.83,63.83,500
6/12/12 1:26:00 PM -07:00,63.81,63.81,63.81,63.81,200
6/12/12 1:27:00 PM -07:00,63.74,63.74,63.74,63.74,200
6/12/12 1:28:00 PM -07:00,63.74,63.75,63.74,63.74,700
6/12/12 1:29:00 PM -07:00,63.75,63.75,63.73,63.73,600
6/12/12 1:30:00 PM -07:00,63.73,63.74,63.72,63.74,400
6/12/12 1:31:00 PM -07:00,63.76,63.82,63.76,63.81,600
6/12/12 1:32:00 PM -07:00,63.85,63.85,63.83,63.83,300
6/12/12 1:33:00 PM -07:00,63.84,63.86,63.84,63.86,300
6/12/12 1:34:00 PM -07:00,63.9,63.9,63.86,63.86,1000
6/12/12 1:35:00 PM -07:00,63.86,63.86,63.86,63.86,0
6/12/12 1:36:00 PM -07:00,63.88,63.88,63.88,63.88,300
6/12/12 1:37:00 PM -07:00,63.91,64,63.91,63.97,2300
6/12/12 1:38:00 PM -07:00,63.96,64,63.96,63.98,1100
6/12/12 1:39:00 PM -07:00,64.01,64.01,63.99,63.99,400
6/12/12 1:40:00 PM -07:00,64.02,64.02,63.98,63.98,300
6/12/12 1:41:00 PM -07:00,64.02,64.07,64.01,64.02,1800
6/12/12 1:42:00 PM -07:00,64.01,64.02,64.01,64.02,200
6/12/12 1:43:00 PM -07:00,64.02,64.02,64.02,64.02,100
6/12/12 1:44:00 PM -07:00,63.99,63.99,63.99,63.99,200
6/12/12 1:45:00 PM -07:00,64,64,64,64,100
6/12/12 1:46:00 PM -07:00,64,64,63.94,63.96,900
6/12/12 1:47:00 PM -07:00,64.05,64.05,63.99,63.99,700
6/12/12 1:48:00 PM -07:00,63.99,63.99,63.92,63.92,600
6/12/12 1:49:00 PM -07:00,63.88,63.93,63.88,63.93,900
6/12/12 1:50:00 PM -07:00,63.94,63.94,63.9,63.9,500
6/12/12 1:51:00 PM -07:00,63.94,63.99,63.94,63.97,600
6/12/12 1:52:00 PM -07:00,64.03,64.06,64.03,64.04,400
6/12/12 1:53:00 PM -07:00,64.04,64.04,63.98,63.98,900
6/12/12 1:54:00 PM -07:00,63.91,63.98,63.91,63.94,1000
6/12/12 1:55:00 PM -07:00,63.83,63.88,63.83,63.88,400
6/12/12 1:56:00 PM -07:00,63.88,63.88,63.87,63.87,300
6/12/12 1:57:00 PM -07:00,63.84,63.84,63.84,63.84,100
6/12/12 1:58:00 PM -07:00,63.87,63.95,63.82,63.83,2200
6/12/12 1:59:00 PM -07:00,63.83,63.83,63.83,63.83,0
6/12/12 2:00:00 PM -07:00,63.81,63.83,63.81,63.83,400
6/12/12 2:01:00 PM -07:00,63.86,63.89,63.84,63.84,1300
6/12/12 2:02:00 PM -07:00,63.84,63.84,63.84,63.84,0
6/12/12 2:03:00 PM -07:00,63.84,63.84,63.82,63.82,500
6/12/12 2:04:00 PM -07:00,63.8,63.81,63.8,63.81,500
6/12/12 2:05:00 PM -07:00,63.87,63.99,63.87,63.99,900
6/12/12 2:06:00 PM -07:00,63.95,63.95,63.87,63.93,700
6/12/12 2:07:00 PM -07:00,63.9,63.91,63.9,63.91,300
6/12/12 2:08:00 PM -07:00,63.91,63.91,63.91,63.91,400
6/12/12 2:09:00 PM -07:00,63.91,63.95,63.91,63.95,200
6/12/12 2:10:00 PM -07:00,63.95,63.99,63.89,63.89,1000
6/12/12 2:11:00 PM -07:00,63.89,63.89,63.84,63.84,400
6/12/12 2:12:00 PM -07:00,63.88,63.88,63.77,63.77,700
6/12/12 2:13:00 PM -07:00,63.77,63.77,63.77,63.77,0
6/12/12 2:14:00 PM -07:00,63.84,63.85,63.82,63.82,500
6/12/12 2:15:00 PM -07:00,63.9,63.9,63.9,63.9,100
6/12/12 2:16:00 PM -07:00,63.88,63.88,63.84,63.84,900
6/12/12 2:17:00 PM -07:00,63.84,63.93,63.84,63.89,800
6/12/12 2:18:00 PM -07:00,63.92,63.94,63.88,63.94,600
6/12/12 2:19:00 PM -07:00,63.93,63.93,63.91,63.91,200
6/12/12 2:20:00 PM -07:00,63.92,63.92,63.91,63.91,500
6/12/12 2:21:00 PM -07:00,63.92,63.92,63.91,63.91,400
6/12/12 2:22:00 PM -07:00,63.88,63.94,63.84,63.86,1300
6/12/12 2:23:00 PM -07:00,63.9,63.92,63.87,63.87,800
6/12/12 2:24:00 PM -07:00,63.92,63.96,63.92,63.95,700
6/12/12 2:25:00 PM -07:00,63.96,63.96,63.87,63.89,900
6/12/12 2:26:00 PM -07:00,63.89,63.89,63.89,63.89,0
6/12/12 2:27:00 PM -07:00,63.85,63.94,63.82,63.83,1600
6/12/12 2:28:00 PM -07:00,63.83,63.83,63.83,63.83,0
6/12/12 2:29:00 PM -07:00,63.8,63.8,63.77,63.77,600
6/12/12 2:30:00 PM -07:00,63.78,63.79,63.78,63.79,500
6/12/12 2:31:00 PM -07:00,63.82,63.93,63.82,63.93,1000
6/12/12 2:32:00 PM -07:00,63.88,63.88,63.86,63.88,400
6/12/12 2:33:00 PM -07:00,63.85,63.86,63.85,63.85,500
6/12/12 2:34:00 PM -07:00,63.86,63.94,63.85,63.93,1600
6/12/12 2:35:00 PM -07:00,63.92,63.93,63.92,63.93,500
6/12/12 2:36:00 PM -07:00,63.96,63.98,63.94,63.94,1000
6/12/12 2:37:00 PM -07:00,63.98,63.99,63.98,63.98,500
6/12/12 2:38:00 PM -07:00,63.99,64.12,63.98,64.12,1200
6/12/12 2:39:00 PM -07:00,64.12,64.12,64.08,64.08,500
6/12/12 2:40:00 PM -07:00,64.12,64.19,64.12,64.15,1500
6/12/12 2:41:00 PM -07:00,64.06,64.07,64.04,64.07,400
6/12/12 2:42:00 PM -07:00,64.01,64.08,64.01,64.08,500
6/12/12 2:43:00 PM -07:00,64.05,64.05,64.05,64.05,100
6/12/12 2:44:00 PM -07:00,64.09,64.15,64.07,64.15,1100
6/12/12 2:45:00 PM -07:00,64.09,64.09,64.09,64.09,400
6/12/12 2:46:00 PM -07:00,64.08,64.09,64.08,64.09,400
6/12/12 2:47:00 PM -07:00,64.09,64.13,64.09,64.13,400
6/12/12 2:48:00 PM -07:00,64.17,64.19,64.16,64.19,1000
6/12/12 2:49:00 PM -07:00,64.17,64.17,64.17,64.17,1800
6/12/12 2:50:00 PM -07:00,64.18,64.27,64.17,64.26,3000
6/12/12 2:51:00 PM -07:00,64.21,64.21,64.21,64.21,600
6/12/12 2:52:00 PM -07:00,64.19,64.19,64.17,64.17,600
6/12/12 2:53:00 PM -07:00,64.1,64.1,64.04,64.04,800
6/12/12 2:54:00 PM -07:00,64.05,64.05,64,64,200
6/12/12 2:55:00 PM -07:00,64.01,64.03,64.01,64.03,800
6/12/12 2:56:00 PM -07:00,64.07,64.11,64.07,64.11,300
6/12/12 2:57:00 PM -07:00,64.11,64.2,64.11,64.2,700
6/12/12 2:58:00 PM -07:00,64.15,64.17,64.15,64.16,1000
6/12/12 2:59:00 PM -07:00,64.16,64.16,64.16,64.16,0
6/12/12 3:00:00 PM -07:00,64.2,64.2,64.2,64.2,500
6/12/12 3:01:00 PM -07:00,64.18,64.18,64.18,64.18,300
6/12/12 3:02:00 PM -07:00,64.16,64.16,64.14,64.14,1100
6/12/12 3:03:00 PM -07:00,64.19,64.19,64.19,64.19,200
6/12/12 3:04:00 PM -07:00,64.22,64.22,64.19,64.2,1500
6/12/12 3:05:00 PM -07:00,64.21,64.27,64.21,64.22,1000
6/12/12 3:06:00 PM -07:00,64.21,64.26,64.21,64.26,700
6/12/12 3:07:00 PM -07:00,64.2,64.2,64.18,64.18,900
6/12/12 3:08:00 PM -07:00,64.17,64.17,64.11,64.14,1700
6/12/12 3:09:00 PM -07:00,64.19,64.19,64.19,64.19,400
6/12/12 3:10:00 PM -07:00,64.19,64.19,64.19,64.19,0
6/12/12 3:11:00 PM -07:00,64.14,64.19,64.14,64.19,400
6/12/12 3:12:00 PM -07:00,64.19,64.24,64.18,64.24,700
6/12/12 3:13:00 PM -07:00,64.23,64.24,64.16,64.16,1800
6/12/12 3:14:00 PM -07:00,64.14,64.14,64.11,64.11,500
6/12/12 3:15:00 PM -07:00,64.12,64.13,64.11,64.11,500
6/12/12 3:16:00 PM -07:00,64.13,64.13,64.09,64.11,500
6/12/12 3:17:00 PM -07:00,64.1,64.19,64.1,64.19,1400
6/12/12 3:18:00 PM -07:00,64.2,64.26,64.2,64.2,1200
6/12/12 3:19:00 PM -07:00,64.22,64.22,64.16,64.16,700
6/12/12 3:20:00 PM -07:00,64.17,64.17,64.17,64.17,100
6/12/12 3:21:00 PM -07:00,64.11,64.12,64.09,64.12,400
6/12/12 3:22:00 PM -07:00,64.11,64.12,64.11,64.12,1200
6/12/12 3:23:00 PM -07:00,64.16,64.16,64.08,64.08,900
6/12/12 3:24:00 PM -07:00,64.11,64.22,64.11,64.17,1300
6/12/12 3:25:00 PM -07:00,64.17,64.17,64.17,64.17,0
6/12/12 3:26:00 PM -07:00,64.18,64.26,64.16,64.16,2900
6/12/12 3:27:00 PM -07:00,64.16,64.16,64.16,64.16,0
6/12/12 3:28:00 PM -07:00,64.18,64.22,64.18,64.22,700
6/12/12 3:29:00 PM -07:00,64.22,64.34,64.22,64.34,2100
6/12/12 3:30:00 PM -07:00,64.35,64.36,64.28,64.28,1400
6/12/12 3:31:00 PM -07:00,64.32,64.33,64.19,64.19,1500
6/12/12 3:32:00 PM -07:00,64.2,64.2,64.18,64.18,500
6/12/12 3:33:00 PM -07:00,64.21,64.24,64.2,64.21,1900
6/12/12 3:34:00 PM -07:00,64.18,64.2,64.18,64.2,900
6/12/12 3:35:00 PM -07:00,64.23,64.27,64.16,64.19,1700
6/12/12 3:36:00 PM -07:00,64.1,64.25,64.1,64.24,1500
6/12/12 3:37:00 PM -07:00,64.22,64.24,64.21,64.23,700
6/12/12 3:38:00 PM -07:00,64.2,64.25,64.2,64.25,1000
6/12/12 3:39:00 PM -07:00,64.3,64.3,64.26,64.29,700
6/12/12 3:40:00 PM -07:00,64.34,64.34,64.24,64.27,1500
6/12/12 3:41:00 PM -07:00,64.26,64.33,64.26,64.28,2100
6/12/12 3:42:00 PM -07:00,64.3,64.32,64.23,64.32,3400
6/12/12 3:43:00 PM -07:00,64.32,64.36,64.28,64.34,2500
6/12/12 3:44:00 PM -07:00,64.32,64.38,64.31,64.38,3500
6/12/12 3:45:00 PM -07:00,64.43,64.43,64.35,64.35,1300
6/12/12 3:46:00 PM -07:00,64.34,64.38,64.32,64.38,2900
6/12/12 3:47:00 PM -07:00,64.38,64.38,64.22,64.27,3700
6/12/12 3:48:00 PM -07:00,64.23,64.26,64.16,64.26,2100
6/12/12 3:49:00 PM -07:00,64.26,64.28,64.22,64.27,1800
6/12/12 3:50:00 PM -07:00,64.26,64.26,64.2,64.23,1500
6/12/12 3:51:00 PM -07:00,64.22,64.3,64.16,64.19,6600
6/12/12 3:52:00 PM -07:00,64.16,64.2,64.15,64.18,1600
6/12/12 3:53:00 PM -07:00,64.22,64.25,64.19,64.21,1600
6/12/12 3:54:00 PM -07:00,64.2,64.26,64.16,64.21,6300
6/12/12 3:55:00 PM -07:00,64.17,64.24,64.13,64.2,5800
6/12/12 3:56:00 PM -07:00,64.19,64.2,64.18,64.18,800
6/12/12 3:57:00 PM -07:00,64.16,64.17,64.11,64.13,12200
6/12/12 3:58:00 PM -07:00,64.12,64.15,64.11,64.14,3800
6/12/12 3:59:00 PM -07:00,64.14,64.2,64.14,64.2,4800
6/12/12 4:00:00 PM -07:00,64.2,64.27,64.18,64.27,7200
6/13/12 9:31:00 AM -07:00,64.13,64.27,63.91,63.91,1800
6/13/12 9:32:00 AM -07:00,63.93,63.93,63.93,63.93,100
6/13/12 9:33:00 AM -07:00,63.93,63.93,63.93,63.93,0
6/13/12 9:34:00 AM -07:00,63.82,64.18,63.8,64.06,26000
6/13/12 9:35:00 AM -07:00,64.12,64.33,64.12,64.22,6600
6/13/12 9:36:00 AM -07:00,64.12,64.12,64.07,64.07,200
6/13/12 9:37:00 AM -07:00,64.18,64.18,64.18,64.18,400
6/13/12 9:38:00 AM -07:00,64.18,64.18,64.18,64.18,0
6/13/12 9:39:00 AM -07:00,64.18,64.18,64.18,64.18,0
6/13/12 9:40:00 AM -07:00,64.18,64.18,64.15,64.15,800
6/13/12 9:41:00 AM -07:00,64.13,64.28,64.13,64.28,1300
6/13/12 9:42:00 AM -07:00,64.32,64.39,64.32,64.39,200
6/13/12 9:43:00 AM -07:00,64.5,64.5,64.5,64.5,100
6/13/12 9:44:00 AM -07:00,64.41,64.49,64.41,64.49,400
6/13/12 9:45:00 AM -07:00,64.57,64.59,64.57,64.59,600
6/13/12 9:46:00 AM -07:00,64.54,64.6,64.35,64.42,1000
6/13/12 9:47:00 AM -07:00,64.42,64.42,64.42,64.42,0
6/13/12 9:48:00 AM -07:00,64.41,64.41,64.38,64.41,500
6/13/12 9:49:00 AM -07:00,64.31,64.43,64.3,64.43,900
6/13/12 9:50:00 AM -07:00,64.45,64.45,64.3,64.3,400
6/13/12 9:51:00 AM -07:00,64.33,64.33,64.14,64.14,1300
6/13/12 9:52:00 AM -07:00,64.13,64.13,64.13,64.13,200
6/13/12 9:53:00 AM -07:00,64.08,64.13,64.07,64.12,1200
6/13/12 9:54:00 AM -07:00,64.04,64.08,64.04,64.05,500
6/13/12 9:55:00 AM -07:00,64.07,64.07,64.06,64.06,200
6/13/12 9:56:00 AM -07:00,63.91,63.91,63.91,63.91,200
6/13/12 9:57:00 AM -07:00,63.81,63.81,63.75,63.8,900
6/13/12 9:58:00 AM -07:00,63.8,63.8,63.8,63.8,0
6/13/12 9:59:00 AM -07:00,63.8,63.8,63.8,63.8,0
6/13/12 10:00:00 AM -07:00,63.8,63.8,63.8,63.8,0
6/13/12 10:01:00 AM -07:00,63.94,64,63.94,63.98,800
6/13/12 10:02:00 AM -07:00,64.04,64.04,64.04,64.04,100
6/13/12 10:03:00 AM -07:00,64.09,64.13,64.04,64.05,1000
6/13/12 10:04:00 AM -07:00,64.15,64.15,64.15,64.15,100
6/13/12 10:05:00 AM -07:00,64.26,64.26,64.26,64.26,100
6/13/12 10:06:00 AM -07:00,64.29,64.34,64.29,64.33,1300
6/13/12 10:07:00 AM -07:00,64.36,64.36,64.36,64.36,200
6/13/12 10:08:00 AM -07:00,64.39,64.39,64.39,64.39,200
6/13/12 10:09:00 AM -07:00,64.43,64.43,64.43,64.43,100
6/13/12 10:10:00 AM -07:00,64.49,64.49,64.49,64.49,100
6/13/12 10:11:00 AM -07:00,64.52,64.58,64.52,64.58,400
6/13/12 10:12:00 AM -07:00,64.62,64.62,64.55,64.57,400
6/13/12 10:13:00 AM -07:00,64.6,64.63,64.6,64.63,300
6/13/12 10:14:00 AM -07:00,64.72,64.72,64.72,64.72,100
6/13/12 10:15:00 AM -07:00,64.74,64.74,64.66,64.66,300
6/13/12 10:16:00 AM -07:00,64.64,64.64,64.64,64.64,100
6/13/12 10:17:00 AM -07:00,64.7,64.7,64.63,64.63,600
6/13/12 10:18:00 AM -07:00,64.67,64.67,64.61,64.61,1200
6/13/12 10:19:00 AM -07:00,64.6,64.61,64.59,64.6,800
6/13/12 10:20:00 AM -07:00,64.71,64.71,64.56,64.56,900
6/13/12 10:21:00 AM -07:00,64.58,64.64,64.58,64.61,900
6/13/12 10:22:00 AM -07:00,64.58,64.58,64.55,64.55,400
6/13/12 10:23:00 AM -07:00,64.55,64.55,64.55,64.55,0
6/13/12 10:24:00 AM -07:00,64.53,64.53,64.53,64.53,200
6/13/12 10:25:00 AM -07:00,64.59,64.64,64.54,64.56,1900
6/13/12 10:26:00 AM -07:00,64.54,64.54,64.52,64.54,400
6/13/12 10:27:00 AM -07:00,64.55,64.58,64.53,64.53,5700
6/13/12 10:28:00 AM -07:00,64.56,64.58,64.55,64.55,1000
6/13/12 10:29:00 AM -07:00,64.55,64.6,64.55,64.57,2100
6/13/12 10:30:00 AM -07:00,64.59,64.59,64.55,64.55,300
6/13/12 10:31:00 AM -07:00,64.55,64.61,64.55,64.56,1200
6/13/12 10:32:00 AM -07:00,64.58,64.7,64.55,64.7,2000
6/13/12 10:33:00 AM -07:00,64.62,64.62,64.62,64.62,100
6/13/12 10:34:00 AM -07:00,64.62,64.62,64.58,64.58,400
6/13/12 10:35:00 AM -07:00,64.67,64.7,64.61,64.7,300
6/13/12 10:36:00 AM -07:00,64.69,64.85,64.69,64.85,1000
6/13/12 10:37:00 AM -07:00,64.85,64.85,64.85,64.85,100
6/13/12 10:38:00 AM -07:00,64.87,64.87,64.87,64.87,100
6/13/12 10:39:00 AM -07:00,64.76,64.76,64.76,64.76,100
6/13/12 10:40:00 AM -07:00,64.86,64.94,64.8,64.84,1700
6/13/12 10:41:00 AM -07:00,64.98,65,64.95,64.99,600
6/13/12 10:42:00 AM -07:00,64.98,65,64.9,64.99,900
6/13/12 10:43:00 AM -07:00,64.99,65,64.92,65,2100
6/13/12 10:44:00 AM -07:00,65.01,65.18,65.01,65.12,2700
6/13/12 10:45:00 AM -07:00,65.16,65.2,65.07,65.09,4500
6/13/12 10:46:00 AM -07:00,65.03,65.12,64.96,64.96,6900
6/13/12 10:47:00 AM -07:00,64.96,65.01,64.86,64.87,4400
6/13/12 10:48:00 AM -07:00,64.85,64.93,64.85,64.86,500
6/13/12 10:49:00 AM -07:00,64.92,64.92,64.88,64.88,300
6/13/12 10:50:00 AM -07:00,64.92,64.92,64.84,64.92,1600
6/13/12 10:51:00 AM -07:00,64.92,64.95,64.85,64.89,1000
6/13/12 10:52:00 AM -07:00,64.94,64.95,64.88,64.9,900
6/13/12 10:53:00 AM -07:00,64.9,64.97,64.85,64.94,1800
6/13/12 10:54:00 AM -07:00,64.81,64.88,64.81,64.82,1100
6/13/12 10:55:00 AM -07:00,64.83,64.88,64.83,64.88,200
6/13/12 10:56:00 AM -07:00,64.94,64.94,64.86,64.86,200
6/13/12 10:57:00 AM -07:00,64.86,64.86,64.86,64.86,0
6/13/12 10:58:00 AM -07:00,64.87,64.89,64.87,64.89,200
6/13/12 10:59:00 AM -07:00,64.96,64.96,64.91,64.96,800
6/13/12 11:00:00 AM -07:00,65.03,65.04,64.97,65,1600
6/13/12 11:01:00 AM -07:00,65,65,65,65,0
6/13/12 11:02:00 AM -07:00,65.04,65.04,64.98,64.98,2300
6/13/12 11:03:00 AM -07:00,64.96,64.96,64.9,64.9,900
6/13/12 11:04:00 AM -07:00,64.88,64.88,64.81,64.88,700
6/13/12 11:05:00 AM -07:00,64.81,64.81,64.76,64.81,900
6/13/12 11:06:00 AM -07:00,64.77,64.82,64.77,64.78,3900
6/13/12 11:07:00 AM -07:00,64.78,64.87,64.78,64.85,11600
6/13/12 11:08:00 AM -07:00,64.85,64.86,64.83,64.83,7000
6/13/12 11:09:00 AM -07:00,64.86,64.88,64.8,64.8,2500
6/13/12 11:10:00 AM -07:00,64.8,64.8,64.78,64.78,2000
6/13/12 11:11:00 AM -07:00,64.81,64.84,64.8,64.8,1700
6/13/12 11:12:00 AM -07:00,64.83,64.83,64.75,64.8,2400
6/13/12 11:13:00 AM -07:00,64.81,64.84,64.81,64.84,500
6/13/12 11:14:00 AM -07:00,64.84,64.84,64.84,64.84,0
6/13/12 11:15:00 AM -07:00,64.86,64.93,64.86,64.93,1000
6/13/12 11:16:00 AM -07:00,64.94,65.03,64.87,65.03,800
6/13/12 11:17:00 AM -07:00,64.97,64.97,64.95,64.95,1000
6/13/12 11:18:00 AM -07:00,64.92,64.92,64.88,64.89,1400
6/13/12 11:19:00 AM -07:00,64.9,64.97,64.9,64.97,200
6/13/12 11:20:00 AM -07:00,64.89,64.89,64.89,64.89,100
6/13/12 11:21:00 AM -07:00,64.93,64.93,64.93,64.93,300
6/13/12 11:22:00 AM -07:00,64.93,64.93,64.93,64.93,0
6/13/12 11:23:00 AM -07:00,64.93,64.93,64.93,64.93,0
6/13/12 11:24:00 AM -07:00,64.93,64.93,64.93,64.93,0
6/13/12 11:25:00 AM -07:00,64.93,64.93,64.93,64.93,0
6/13/12 11:26:00 AM -07:00,64.93,64.93,64.93,64.93,0
6/13/12 11:27:00 AM -07:00,64.95,64.95,64.91,64.95,900
6/13/12 11:28:00 AM -07:00,64.9,64.9,64.88,64.88,600
6/13/12 11:29:00 AM -07:00,64.88,64.88,64.88,64.88,0
6/13/12 11:30:00 AM -07:00,64.9,64.9,64.9,64.9,700
6/13/12 11:31:00 AM -07:00,64.93,64.93,64.93,64.93,200
6/13/12 11:32:00 AM -07:00,64.94,64.94,64.94,64.94,300
6/13/12 11:33:00 AM -07:00,64.98,65.05,64.96,65.05,700
6/13/12 11:34:00 AM -07:00,65.05,65.07,65.05,65.07,1300
6/13/12 11:35:00 AM -07:00,65.09,65.09,65.09,65.09,300
6/13/12 11:36:00 AM -07:00,65.1,65.11,65.08,65.08,1000
6/13/12 11:37:00 AM -07:00,65.08,65.08,65.02,65.02,1800
6/13/12 11:38:00 AM -07:00,65.04,65.05,65.02,65.02,900
6/13/12 11:40:00 AM -07:00,65.04,65.04,65.04,65.04,500
6/13/12 11:41:00 AM -07:00,65.04,65.04,65.04,65.04,0
6/13/12 11:42:00 AM -07:00,65.01,65.06,65.01,65.03,400
6/13/12 11:43:00 AM -07:00,65.01,65.02,65.01,65.01,1900
6/13/12 11:44:00 AM -07:00,65.01,65.01,64.95,64.96,1300
6/13/12 11:45:00 AM -07:00,64.97,64.97,64.97,64.97,100
6/13/12 11:46:00 AM -07:00,64.97,64.97,64.97,64.97,0
6/13/12 11:47:00 AM -07:00,64.95,64.95,64.95,64.95,100
6/13/12 11:48:00 AM -07:00,64.94,64.94,64.9,64.91,1500
6/13/12 11:49:00 AM -07:00,64.91,64.91,64.91,64.91,0
6/13/12 11:50:00 AM -07:00,64.92,64.92,64.87,64.87,500
6/13/12 11:51:00 AM -07:00,64.93,64.94,64.93,64.94,200
6/13/12 11:52:00 AM -07:00,64.9,64.9,64.84,64.84,600
6/13/12 11:53:00 AM -07:00,64.75,64.75,64.69,64.69,600
6/13/12 11:54:00 AM -07:00,64.69,64.69,64.69,64.69,0
6/13/12 11:55:00 AM -07:00,64.69,64.69,64.69,64.69,0
6/13/12 11:56:00 AM -07:00,64.69,64.69,64.69,64.69,0
6/13/12 11:57:00 AM -07:00,64.78,64.79,64.78,64.79,200
6/13/12 11:58:00 AM -07:00,64.79,64.79,64.79,64.79,400
6/13/12 11:59:00 AM -07:00,64.82,64.82,64.82,64.82,100
6/13/12 12:00:00 PM -07:00,64.8,64.8,64.7,64.7,2100
6/13/12 12:01:00 PM -07:00,64.69,64.69,64.69,64.69,200
6/13/12 12:02:00 PM -07:00,64.63,64.63,64.63,64.63,200
6/13/12 12:03:00 PM -07:00,64.63,64.63,64.63,64.63,0
6/13/12 12:04:00 PM -07:00,64.59,64.59,64.53,64.53,800
6/13/12 12:05:00 PM -07:00,64.53,64.53,64.53,64.53,0
6/13/12 12:06:00 PM -07:00,64.52,64.52,64.48,64.48,1000
6/13/12 12:07:00 PM -07:00,64.43,64.5,64.43,64.5,200
6/13/12 12:08:00 PM -07:00,64.44,64.44,64.44,64.44,100
6/13/12 12:09:00 PM -07:00,64.44,64.44,64.36,64.36,1400
6/13/12 12:10:00 PM -07:00,64.33,64.34,64.31,64.33,900
6/13/12 12:11:00 PM -07:00,64.34,64.37,64.34,64.37,900
6/13/12 12:12:00 PM -07:00,64.37,64.37,64.37,64.37,0
6/13/12 12:13:00 PM -07:00,64.37,64.37,64.37,64.37,0
6/13/12 12:14:00 PM -07:00,64.37,64.43,64.37,64.43,300
6/13/12 12:15:00 PM -07:00,64.45,64.48,64.45,64.48,500
6/13/12 12:16:00 PM -07:00,64.44,64.44,64.44,64.44,200
6/13/12 12:17:00 PM -07:00,64.44,64.44,64.39,64.39,600
6/13/12 12:18:00 PM -07:00,64.44,64.44,64.44,64.44,400
6/13/12 12:19:00 PM -07:00,64.43,64.52,64.42,64.52,800
6/13/12 12:20:00 PM -07:00,64.57,64.57,64.53,64.57,400
6/13/12 12:21:00 PM -07:00,64.52,64.53,64.52,64.53,3400
6/13/12 12:22:00 PM -07:00,64.53,64.57,64.48,64.55,3600
6/13/12 12:23:00 PM -07:00,64.55,64.55,64.55,64.55,0
6/13/12 12:24:00 PM -07:00,64.55,64.55,64.55,64.55,0
6/13/12 12:25:00 PM -07:00,64.59,64.59,64.59,64.59,100
6/13/12 12:26:00 PM -07:00,64.59,64.59,64.59,64.59,0
6/13/12 12:27:00 PM -07:00,64.59,64.59,64.59,64.59,0
6/13/12 12:28:00 PM -07:00,64.62,64.63,64.62,64.63,400
6/13/12 12:29:00 PM -07:00,64.63,64.63,64.63,64.63,0
6/13/12 12:30:00 PM -07:00,64.61,64.61,64.61,64.61,500
6/13/12 12:31:00 PM -07:00,64.64,64.64,64.64,64.64,200
6/13/12 12:32:00 PM -07:00,64.66,64.69,64.66,64.69,1000
6/13/12 12:33:00 PM -07:00,64.73,64.81,64.73,64.81,1200
6/13/12 12:34:00 PM -07:00,64.85,64.85,64.85,64.85,100
6/13/12 12:35:00 PM -07:00,64.85,64.85,64.85,64.85,0
6/13/12 12:36:00 PM -07:00,64.83,64.83,64.82,64.82,200
6/13/12 12:37:00 PM -07:00,64.85,64.85,64.85,64.85,1100
6/13/12 12:38:00 PM -07:00,64.85,64.85,64.8,64.8,1400
6/13/12 12:39:00 PM -07:00,64.84,64.86,64.84,64.86,400
6/13/12 12:40:00 PM -07:00,64.9,64.97,64.9,64.97,900
6/13/12 12:41:00 PM -07:00,65.01,65.07,65.01,65.07,900
6/13/12 12:42:00 PM -07:00,65.04,65.05,65.04,65.05,300
6/13/12 12:43:00 PM -07:00,65.05,65.05,65.04,65.04,800
6/13/12 12:44:00 PM -07:00,65.01,65.05,65.01,65.05,700
6/13/12 12:45:00 PM -07:00,65.01,65.01,65.01,65.01,100
6/13/12 12:46:00 PM -07:00,65.06,65.19,65.06,65.13,3500
6/13/12 12:47:00 PM -07:00,65.12,65.12,64.99,65,2000
6/13/12 12:48:00 PM -07:00,64.96,64.97,64.96,64.96,400
6/13/12 12:49:00 PM -07:00,64.96,64.96,64.96,64.96,0
6/13/12 12:50:00 PM -07:00,64.95,64.95,64.95,64.95,100
6/13/12 12:51:00 PM -07:00,64.98,64.98,64.98,64.98,200
6/13/12 12:52:00 PM -07:00,65,65,65,65,100
6/13/12 12:53:00 PM -07:00,65,65,64.95,64.95,1600
6/13/12 12:54:00 PM -07:00,64.91,64.91,64.86,64.86,400
6/13/12 12:55:00 PM -07:00,64.9,64.93,64.9,64.93,700
6/13/12 12:56:00 PM -07:00,64.91,64.91,64.91,64.91,100
6/13/12 12:57:00 PM -07:00,64.92,64.94,64.92,64.92,1600
6/13/12 12:58:00 PM -07:00,64.92,64.92,64.88,64.88,400
6/13/12 12:59:00 PM -07:00,64.85,64.86,64.85,64.86,200
6/13/12 1:00:00 PM -07:00,64.85,64.85,64.81,64.81,300
6/13/12 1:01:00 PM -07:00,64.86,64.87,64.82,64.85,2200
6/13/12 1:02:00 PM -07:00,64.84,64.85,64.83,64.84,600
6/13/12 1:03:00 PM -07:00,64.86,64.86,64.83,64.83,400
6/13/12 1:04:00 PM -07:00,64.83,64.83,64.83,64.83,100
6/13/12 1:05:00 PM -07:00,64.81,64.82,64.72,64.78,12100
6/13/12 1:06:00 PM -07:00,64.74,64.75,64.69,64.7,1900
6/13/12 1:07:00 PM -07:00,64.74,64.74,64.74,64.74,100
6/13/12 1:08:00 PM -07:00,64.74,64.74,64.74,64.74,0
6/13/12 1:09:00 PM -07:00,64.8,64.81,64.79,64.81,600
6/13/12 1:10:00 PM -07:00,64.8,64.8,64.79,64.79,900
6/13/12 1:11:00 PM -07:00,64.81,64.85,64.8,64.85,700
6/13/12 1:12:00 PM -07:00,64.78,64.81,64.78,64.81,600
6/13/12 1:13:00 PM -07:00,64.78,64.78,64.77,64.78,500
6/13/12 1:14:00 PM -07:00,64.79,64.81,64.78,64.78,1200
6/13/12 1:15:00 PM -07:00,64.78,64.78,64.78,64.78,0
6/13/12 1:16:00 PM -07:00,64.8,64.8,64.78,64.8,800
6/13/12 1:17:00 PM -07:00,64.8,64.8,64.8,64.8,0
6/13/12 1:18:00 PM -07:00,64.77,64.77,64.76,64.77,600
6/13/12 1:19:00 PM -07:00,64.79,64.79,64.76,64.77,600
6/13/12 1:20:00 PM -07:00,64.76,64.77,64.76,64.77,700
6/13/12 1:21:00 PM -07:00,64.75,64.76,64.73,64.73,500
6/13/12 1:22:00 PM -07:00,64.73,64.77,64.72,64.72,27100
6/13/12 1:23:00 PM -07:00,64.71,64.71,64.68,64.68,1300
6/13/12 1:24:00 PM -07:00,64.71,64.71,64.71,64.71,100
6/13/12 1:25:00 PM -07:00,64.71,64.71,64.71,64.71,0
6/13/12 1:26:00 PM -07:00,64.65,64.65,64.61,64.63,1600
6/13/12 1:27:00 PM -07:00,64.67,64.7,64.64,64.69,1900
6/13/12 1:28:00 PM -07:00,64.7,64.71,64.69,64.71,700
6/13/12 1:29:00 PM -07:00,64.71,64.71,64.71,64.71,0
6/13/12 1:30:00 PM -07:00,64.71,64.79,64.71,64.79,500
6/13/12 1:31:00 PM -07:00,64.78,64.78,64.77,64.77,400
6/13/12 1:32:00 PM -07:00,64.75,64.75,64.75,64.75,100
6/13/12 1:33:00 PM -07:00,64.81,64.81,64.75,64.75,600
6/13/12 1:34:00 PM -07:00,64.76,64.76,64.76,64.76,100
6/13/12 1:35:00 PM -07:00,64.78,64.78,64.78,64.78,100
6/13/12 1:36:00 PM -07:00,64.73,64.73,64.73,64.73,500
6/13/12 1:37:00 PM -07:00,64.75,64.76,64.75,64.76,500
6/13/12 1:38:00 PM -07:00,64.79,64.79,64.79,64.79,100
6/13/12 1:39:00 PM -07:00,64.84,64.84,64.84,64.84,200
6/13/12 1:40:00 PM -07:00,64.88,64.88,64.87,64.87,500
6/13/12 1:41:00 PM -07:00,64.83,64.83,64.79,64.79,600
6/13/12 1:42:00 PM -07:00,64.75,64.75,64.75,64.75,100
6/13/12 1:43:00 PM -07:00,64.76,64.76,64.74,64.74,300
6/13/12 1:44:00 PM -07:00,64.8,64.8,64.71,64.71,200
6/13/12 1:45:00 PM -07:00,64.7,64.7,64.69,64.69,900
6/13/12 1:46:00 PM -07:00,64.65,64.65,64.59,64.59,500
6/13/12 1:47:00 PM -07:00,64.57,64.8,64.57,64.8,10100
6/13/12 1:48:00 PM -07:00,64.8,64.84,64.73,64.74,2500
6/13/12 1:49:00 PM -07:00,64.73,64.73,64.69,64.69,400
6/13/12 1:50:00 PM -07:00,64.72,64.72,64.72,64.72,100
6/13/12 1:51:00 PM -07:00,64.71,64.75,64.7,64.7,400
6/13/12 1:52:00 PM -07:00,64.75,64.75,64.71,64.71,600
6/13/12 1:53:00 PM -07:00,64.71,64.71,64.68,64.68,300
6/13/12 1:54:00 PM -07:00,64.75,64.75,64.69,64.72,1200
6/13/12 1:55:00 PM -07:00,64.72,64.74,64.69,64.69,500
6/13/12 1:56:00 PM -07:00,64.69,64.69,64.69,64.69,0
6/13/12 1:57:00 PM -07:00,64.69,64.69,64.61,64.61,700
6/13/12 1:58:00 PM -07:00,64.61,64.61,64.61,64.61,0
6/13/12 1:59:00 PM -07:00,64.61,64.61,64.61,64.61,0
6/13/12 2:00:00 PM -07:00,64.5,64.52,64.43,64.52,900
6/13/12 2:01:00 PM -07:00,64.52,64.52,64.52,64.52,0
6/13/12 2:02:00 PM -07:00,64.47,64.52,64.45,64.52,25200
6/13/12 2:03:00 PM -07:00,64.52,64.52,64.52,64.52,0
6/13/12 2:04:00 PM -07:00,64.52,64.52,64.52,64.52,0
6/13/12 2:05:00 PM -07:00,64.64,64.66,64.64,64.64,1800
6/13/12 2:06:00 PM -07:00,64.64,64.65,64.64,64.65,300
6/13/12 2:07:00 PM -07:00,64.67,64.67,64.67,64.67,100
6/13/12 2:08:00 PM -07:00,64.61,64.61,64.61,64.61,300
6/13/12 2:09:00 PM -07:00,64.61,64.61,64.61,64.61,0
6/13/12 2:10:00 PM -07:00,64.65,64.65,64.65,64.65,100
6/13/12 2:11:00 PM -07:00,64.6,64.6,64.54,64.54,900
6/13/12 2:12:00 PM -07:00,64.52,64.52,64.5,64.51,1200
6/13/12 2:13:00 PM -07:00,64.51,64.51,64.51,64.51,0
6/13/12 2:14:00 PM -07:00,64.51,64.51,64.51,64.51,0
6/13/12 2:15:00 PM -07:00,64.62,64.62,64.57,64.61,300
6/13/12 2:16:00 PM -07:00,64.57,64.57,64.57,64.57,100
6/13/12 2:17:00 PM -07:00,64.59,64.6,64.58,64.6,300
6/13/12 2:18:00 PM -07:00,64.6,64.66,64.6,64.66,300
6/13/12 2:19:00 PM -07:00,64.66,64.66,64.66,64.66,0
6/13/12 2:20:00 PM -07:00,64.63,64.63,64.63,64.63,300
6/13/12 2:21:00 PM -07:00,64.61,64.61,64.57,64.57,1500
6/13/12 2:22:00 PM -07:00,64.57,64.62,64.57,64.59,1200
6/13/12 2:23:00 PM -07:00,64.59,64.59,64.59,64.59,400
6/13/12 2:24:00 PM -07:00,64.59,64.59,64.59,64.59,0
6/13/12 2:25:00 PM -07:00,64.57,64.57,64.5,64.5,400
6/13/12 2:26:00 PM -07:00,64.5,64.5,64.5,64.5,0
6/13/12 2:27:00 PM -07:00,64.51,64.51,64.49,64.51,400
6/13/12 2:28:00 PM -07:00,64.51,64.51,64.51,64.51,100
6/13/12 2:29:00 PM -07:00,64.51,64.51,64.51,64.51,0
6/13/12 2:30:00 PM -07:00,64.56,64.56,64.56,64.56,200
6/13/12 2:31:00 PM -07:00,64.53,64.57,64.53,64.57,500
6/13/12 2:32:00 PM -07:00,64.55,64.57,64.47,64.47,2300
6/13/12 2:33:00 PM -07:00,64.44,64.47,64.42,64.47,900
6/13/12 2:34:00 PM -07:00,64.46,64.46,64.46,64.46,200
6/13/12 2:35:00 PM -07:00,64.44,64.49,64.44,64.47,300
6/13/12 2:36:00 PM -07:00,64.43,64.44,64.43,64.44,300
6/13/12 2:37:00 PM -07:00,64.44,64.44,64.44,64.44,100
6/13/12 2:38:00 PM -07:00,64.47,64.47,64.42,64.42,500
6/13/12 2:39:00 PM -07:00,64.44,64.47,64.43,64.47,300
6/13/12 2:40:00 PM -07:00,64.47,64.47,64.47,64.47,0
6/13/12 2:41:00 PM -07:00,64.45,64.45,64.43,64.45,900
6/13/12 2:42:00 PM -07:00,64.4,64.4,64.32,64.32,1700
6/13/12 2:43:00 PM -07:00,64.28,64.28,64.25,64.26,1100
6/13/12 2:44:00 PM -07:00,64.27,64.27,64.27,64.27,200
6/13/12 2:45:00 PM -07:00,64.3,64.3,64.27,64.27,600
6/13/12 2:46:00 PM -07:00,64.28,64.29,64.18,64.22,2700
6/13/12 2:47:00 PM -07:00,64.22,64.22,64.22,64.22,0
6/13/12 2:48:00 PM -07:00,64.26,64.33,64.26,64.32,1100
6/13/12 2:49:00 PM -07:00,64.35,64.36,64.34,64.36,900
6/13/12 2:50:00 PM -07:00,64.36,64.43,64.35,64.43,1400
6/13/12 2:51:00 PM -07:00,64.4,64.4,64.39,64.39,600
6/13/12 2:52:00 PM -07:00,64.39,64.41,64.38,64.38,1100
6/13/12 2:53:00 PM -07:00,64.38,64.38,64.33,64.33,1200
6/13/12 2:54:00 PM -07:00,64.33,64.37,64.33,64.37,500
6/13/12 2:55:00 PM -07:00,64.41,64.41,64.36,64.36,800
6/13/12 2:56:00 PM -07:00,64.35,64.42,64.35,64.41,1100
6/13/12 2:57:00 PM -07:00,64.37,64.38,64.37,64.38,200
6/13/12 2:58:00 PM -07:00,64.41,64.41,64.39,64.39,1700
6/13/12 2:59:00 PM -07:00,64.38,64.38,64.32,64.32,1300
6/13/12 3:00:00 PM -07:00,64.31,64.35,64.31,64.33,1200
6/13/12 3:01:00 PM -07:00,64.32,64.37,64.32,64.36,2400
6/13/12 3:02:00 PM -07:00,64.33,64.33,64.24,64.24,1300
6/13/12 3:03:00 PM -07:00,64.26,64.26,64.23,64.24,4300
6/13/12 3:04:00 PM -07:00,64.24,64.26,64.22,64.25,6400
6/13/12 3:05:00 PM -07:00,64.24,64.25,64.23,64.24,3600
6/13/12 3:06:00 PM -07:00,64.23,64.26,64.22,64.23,1900
6/13/12 3:07:00 PM -07:00,64.26,64.32,64.24,64.32,1900
6/13/12 3:08:00 PM -07:00,64.34,64.35,64.31,64.31,900
6/13/12 3:09:00 PM -07:00,64.34,64.36,64.29,64.29,1600
6/13/12 3:10:00 PM -07:00,64.27,64.3,64.27,64.3,600
6/13/12 3:11:00 PM -07:00,64.29,64.3,64.13,64.13,2300
6/13/12 3:12:00 PM -07:00,64.13,64.13,64.1,64.12,600
6/13/12 3:13:00 PM -07:00,64.1,64.11,64.1,64.11,600
6/13/12 3:14:00 PM -07:00,64.13,64.19,64.13,64.19,2800
6/13/12 3:15:00 PM -07:00,64.16,64.16,64.16,64.16,600
6/13/12 3:16:00 PM -07:00,64.13,64.18,64.13,64.18,1800
6/13/12 3:17:00 PM -07:00,64.18,64.18,64.15,64.15,1300
6/13/12 3:18:00 PM -07:00,64.15,64.15,64.05,64.1,1800
6/13/12 3:19:00 PM -07:00,64.1,64.13,64.08,64.1,6900
6/13/12 3:20:00 PM -07:00,64.14,64.14,64.05,64.1,6200
6/13/12 3:21:00 PM -07:00,64.11,64.13,64.08,64.09,2900
6/13/12 3:22:00 PM -07:00,64.09,64.1,64.02,64.02,2400
6/13/12 3:23:00 PM -07:00,64.02,64.03,63.97,63.97,1500
6/13/12 3:24:00 PM -07:00,63.93,63.95,63.91,63.95,1900
6/13/12 3:25:00 PM -07:00,63.95,64.14,63.95,64.1,8000
6/13/12 3:26:00 PM -07:00,64.1,64.15,64.06,64.1,2800
6/13/12 3:27:00 PM -07:00,64.07,64.09,64,64.05,1600
6/13/12 3:28:00 PM -07:00,64.07,64.1,64,64,2000
6/13/12 3:29:00 PM -07:00,63.99,64.04,63.99,64.04,1300
6/13/12 3:30:00 PM -07:00,64.1,64.1,64.03,64.03,1200
6/13/12 3:31:00 PM -07:00,64.01,64.06,64.01,64.06,1100
6/13/12 3:32:00 PM -07:00,64.11,64.13,64.07,64.13,1900
6/13/12 3:33:00 PM -07:00,64.11,64.14,64.1,64.14,400
6/13/12 3:34:00 PM -07:00,64.18,64.2,64.1,64.1,1800
6/13/12 3:35:00 PM -07:00,64.12,64.12,64.08,64.09,1100
6/13/12 3:36:00 PM -07:00,64.09,64.15,64.09,64.15,1100
6/13/12 3:37:00 PM -07:00,64.19,64.22,64.17,64.18,1100
6/13/12 3:38:00 PM -07:00,64.18,64.18,64.14,64.14,1000
6/13/12 3:39:00 PM -07:00,64.15,64.22,64.15,64.22,2400
6/13/12 3:40:00 PM -07:00,64.21,64.24,64.18,64.24,2100
6/13/12 3:41:00 PM -07:00,64.21,64.22,64.17,64.17,2200
6/13/12 3:42:00 PM -07:00,64.17,64.17,64.07,64.07,1700
6/13/12 3:43:00 PM -07:00,64.09,64.12,64.09,64.11,800
6/13/12 3:44:00 PM -07:00,64.17,64.25,64.16,64.2,1700
6/13/12 3:45:00 PM -07:00,64.17,64.19,64.11,64.11,2900
6/13/12 3:46:00 PM -07:00,64.08,64.14,64.08,64.14,900
6/13/12 3:47:00 PM -07:00,64.13,64.16,64.11,64.16,2400
6/13/12 3:48:00 PM -07:00,64.15,64.15,64.09,64.1,1800
6/13/12 3:49:00 PM -07:00,64.06,64.06,64.01,64.03,1000
6/13/12 3:50:00 PM -07:00,64.04,64.08,64.02,64.03,2100
6/13/12 3:51:00 PM -07:00,64.04,64.05,64,64,2600
6/13/12 3:52:00 PM -07:00,64,64.09,63.98,64.08,4800
6/13/12 3:53:00 PM -07:00,64.06,64.07,64.01,64.07,2900
6/13/12 3:54:00 PM -07:00,64.06,64.09,64.01,64.01,2800
6/13/12 3:55:00 PM -07:00,64.01,64.09,63.97,64.08,4900
6/13/12 3:56:00 PM -07:00,64.07,64.17,64.06,64.15,4700
6/13/12 3:57:00 PM -07:00,64.16,64.18,64.13,64.16,3100
6/13/12 3:58:00 PM -07:00,64.16,64.16,64.08,64.08,4600
6/13/12 3:59:00 PM -07:00,64.08,64.14,64.08,64.14,8900
6/13/12 4:00:00 PM -07:00,64.14,64.25,64.13,64.18,11200
